Customer_ID,Recency,Avg_Order_Value,Customer_Lifetime_Days,Purchase_Rate,Total_Items_Sold,Product_Purchased,
CUS_TEST_0001,12578,0,0,0,1, Garri Processing Plant (Combo) - Locally Assembled ,
CUS_TEST_0002,116,277.97,4,0.036,36, AGRITED Pullets (Hyline Brown Pullets) Day-Old,
CUS_TEST_0003,1,5,2,0.002,1, AMO Broiler Chicks ,
CUS_TEST_0004,321,353.43,154,0.09,37, Papaya Nouna F1,
CUS_TEST_0005,31,109.97,900,0.018,6, Maradona F1 (Dwarf Papaya ,
CUS_TEST_0006,1,0,0,0,1, DK920 YELLOW Maize Seed – High-Yield ,
CUS_TEST_0007,325,411,946,0.048,23, Iodine (Centre Brand ,
CUS_TEST_0008,344,34.51,1959,0.189,41, Seed Co Maize Seeds ,
CUS_TEST_0009,1,5,2,0.002,1, Commercial Day Old Pullets - ISA Brown (Grinphield Brand ,
CUS_TEST_0010,75,0.008,875,0.059,80, Agrited Broiler ,
CUS_TEST_0011,45,184.43,1922,0.157,28, AGRITED Pullets (Hyline Brown Pullets) Day-Old,
CUS_TEST_0012,260,17.75,1711,0.161,2, Vertex Broiler ,
CUS_TEST_0013,154,47.8,1781,0.197,38, Agrited Pullet ,
CUS_TEST_0014,155,456.47,1963,0.12,31, Vertex Broiler ,
CUS_TEST_0015,363,183.88,703,0.017,14, Farm Support Broilers (Commercial Day-Old Arbor Acres Plus),
CUS_TEST_0016,1,5,2,0.002,1, AMO Noilers (Day-Old Chicks),
CUS_TEST_0017,1,5,2,0.002,1, Agrited Broiler ,
CUS_TEST_0018,1,5,2,0.002,1, Hyline Brown AGRITED Day-Old Pullets,1
CUS_TEST_0019,262,301.45,1203,0.062,88, Agrited Broiler ,
CUS_TEST_0020,315,192.38,1507,0.172,77, CHI Broiler ,
CUS_TEST_0021,2,2,5,0.192,5, Agrited Broiler ,
CUS_TEST_0022,245,443.63,1738,0.044,29, Agrited Broilers,
CUS_TEST_0023,30,197.81,1473,0.019,51, Agrited Broilers - Half Carton,
CUS_TEST_0024,122,251.82,1075,0.04,49, Agrited Broilers - Half Carton,
CUS_TEST_0025,125,0.008,235,0.164,43, Livestock Ear Tag (For Cattle,
CUS_TEST_0026,1269,5,2,0.002,1, Lantern Gas Brooder,
CUS_TEST_0027,1,5,2,0.002,1, Quality Point-of-Lay Hens (ISA Brown) - 12 Weeks,
CUS_TEST_0028,124,261.67,1409,0.081,72, Regular Drinkers For Chicks (4 and 10 Liters) - - 10 Litres,
CUS_TEST_0029,357,134.15,469,0.116,87, Agrited Broiler ,
CUS_TEST_0030,1,5,2,0.002,1, Commercial Day Old Pullet - ISA Brown (Farm Support Brand ,
CUS_TEST_0031,87,152.83,1149,0.096,5, Ground Feeding Trays For Chicks,
CUS_TEST_0032,134,387.66,1982,0.159,42, Day-Old Black Cockerels Chicks,
CUS_TEST_0033,196,219.47,970,0.196,7, Electric Debeaker for Poultry ,
CUS_TEST_0034,274,111.05,193,0.187,42, AMO Noilers (Day-Old Chicks),
CUS_TEST_0035,1,0,0,0,1, AI Kit for Pigs,
CUS_TEST_0036,285,4,1583,0.081,27, Quality Point-of-Lay Hens (ISA Brown) - 12 Weeks,
CUS_TEST_0037,77,433.94,323,0.094,58, The Secrets of Starting and Growing A successful Poultry Farm (341 Pages) - 2020 Edition,
CUS_TEST_0038,59,458.48,224,0.141,46, Agrited Broilers,
CUS_TEST_0039,126,431.31,692,0.185,66, Ground Feeding Trays For Chicks,
CUS_TEST_0040,109,27.15,509,0.029,25, Paraeforce (Herbicide ,
CUS_TEST_0041,224,395.81,1930,0.062,73, HTC Digital Thermometer and Hygrometer (HTC 2),
CUS_TEST_0042,278,211.56,152,0.029,27, Agrited Broilers,
CUS_TEST_0043,1,5,2,0.002,1, Foreign Turkey Poults - 30Pcs Per Carton (Full Carton ,
CUS_TEST_0044,69,322.6,728,0.062,87, Darina Cucumber seeds ,
CUS_TEST_0045,165,418.49,994,0.066,74, Darina Cucumber seeds ,
CUS_TEST_0046,305,254.72,1505,0.015,42, Afrimash Broiler ,
CUS_TEST_0047,162,272.16,690,0.071,52, AMO Broiler Chicks ,
CUS_TEST_0048,342,2,1157,0.173,25, Afrimash Broiler ,
CUS_TEST_0049,128463,4,2,0.047,2, Afrimash Broiler ,
CUS_TEST_0050,343,215.5,1515,0.139,67, Afrimash Broiler ,
CUS_TEST_0051,42,255.04,1796,0.126,6, AMO Noilers (Commercial Dual-Purpose Day Old Chicks),
CUS_TEST_0052,354,394.7,1771,0.173,58, AMO Noilers (Commercial Dual-Purpose Day Old Chicks),
CUS_TEST_0053,109,303.43,739,0.027,70, Darina Cucumber seeds ,
CUS_TEST_0054,51,108.54,425,0.196,53, Chikun Broilers (Day-Old Cobb 500 ,
CUS_TEST_0055,0,0,0,0,0, Indian Type Bell Drinker (For Poultry ,
CUS_TEST_0056,341,209.74,1390,0.199,58, Earth Augers (1.4kW ,
CUS_TEST_0057,21,240.07,1034,0.182,82, The Secrets of Starting and Growing A successful Poultry Farm (341 Pages) - 2020 Edition,
CUS_TEST_0058,300,23.87,1652,0.045,87, Day Old Yammfy Broilers (Commercial Arbor Acres),
CUS_TEST_0059,139,112.91,1195,0.012,2, Your Complete Guide to Organic Poultry Farming (72 PAGES ,
CUS_TEST_0060,359,147.71,346,0.052,76, The Secrets of Starting and Growing A successful Poultry Farm (341 Pages) - 2020 Edition,
CUS_TEST_0061,324,359.35,1764,0.106,22, Lemon Seedlings ,
CUS_TEST_0062,2,1,1,0,1, Vertex Broiler ,
CUS_TEST_0063,280,210.3,5,0.034,20, Beginners Guide To Broiler Farming (184 Pages) - E-Book,
CUS_TEST_0064,125,462.77,5,0.093,24, Vertex Broiler ,
CUS_TEST_0065,111,64.82,5,0.008,84, Commercial Day-Old ZARTECH Broilers (Cobb 500),
CUS_TEST_0066,354,263.05,5,0.025,65, Agrited Ross 308 Broilers (Commercial Day-old Chicks),
CUS_TEST_0067,139,395.4,5,0.084,65, Vertex Broiler ,
CUS_TEST_0068,273,471.84,1363,0.014,81, Commercial Day-Old ZARTECH Broilers (Cobb 500),
CUS_TEST_0069,1,5,2,0.002,1, Electric Hand Debeaker (220V/150W),
CUS_TEST_0070,252,363.08,585,0.095,94, Poultry Drinking Water Line Pipe Cleaning Tool,
CUS_TEST_0071,338,414.98,639,0.091,3, Crownceryl Antibiotic {100g},
CUS_TEST_0072,1,5,2,0.002,1, Commercial Day-Old ZARTECH Broilers (Cobb 500),
CUS_TEST_0073,214,404.86,138,0.106,55, Commercial Day Old Arbor Acres Plus Broilers Chicks (Grinphield Brand),
CUS_TEST_0074,249,13.9,1848,0.094,75, Farm Support Pullets (Day-Old ISA Brown Pullets),
CUS_TEST_0075,3,4,401,0.083,2, Amo Broiler ,
CUS_TEST_0076,250,227.22,884,0.164,86, Bronze Level Membership,
CUS_TEST_0077,275,281.16,645,0.179,64, Bronze Level Membership,
CUS_TEST_0078,165,134.89,797,0.171,45, Day-Old Pullets (Zartech),
CUS_TEST_0079,1,1,2,0.8,26, Agrited Broilers - One Carton,
CUS_TEST_0080,8,47.55,235,0.028,77, Day-Old Chikun Pullets (Olam Brand ,
CUS_TEST_0081,465835,437.59,876,0.056,65, Day-Old Chikun Pullets (Olam Brand ,
CUS_TEST_0082,1,0,0,0,1, Commercial Day Old Marshall Broilers Chicks (Grinphield Brand),
CUS_TEST_0083,145,115.87,894,0.186,74, Day-Old Marshall Broilers (Grinphield),
CUS_TEST_0084,101,406.57,1298,0.132,35, Egg Incubator ( 64 ,
CUS_TEST_0085,164,395.32,1340,0.15,24, Lagon Plant Herbicide ,
CUS_TEST_0086,147,319.79,1408,0.063,28, Day-Old ZARTECH Broilers (Cobb 500) - Half Carton,
CUS_TEST_0087,5,3,4,0.169,3, Your Complete Guide to Organic Poultry Farming (72 PAGES ,
CUS_TEST_0088,91,143.03,505,0.053,16, Day-Old ZARTECH Broilers (Cobb 500) - One Carton,
CUS_TEST_0089,117,123.57,112,0.001,59, Agrited Broilers - Half Carton,
CUS_TEST_0090,354,166.12,1163,0.076,81, Day-Old ZARTECH Broilers (Cobb 500) - One Carton,
CUS_TEST_0091,1,5,2,0.002,1, AMO Noilers (Day-Old Chicks),
CUS_TEST_0092,310,48.04,829,0.096,79, AMO Noilers (Day-Old Chicks),
CUS_TEST_0093,2,0,0,0,1, Commercial Day Old Arbor Acres Plus Broilers Chicks (Grinphield Brand),
CUS_TEST_0094,47,180.96,1962,0.022,15, Day-Old Black Pullets (2 weeks Pre-Order),
CUS_TEST_0095,1,5,2,0.002,1, Commercial Day Old Marshall Broilers Chicks (Grinphield Brand),
CUS_TEST_0096,246,399.3,1777,0.103,11, Day-Old Black Pullets (2 weeks Pre-Order),
CUS_TEST_0097,149,443.34,320,0.057,65, Commercial Day-Old ZARTECH Broilers (Cobb 500),
CUS_TEST_0098,246,178.94,1698,0.165,79, Commercial Day Old Arbor Acres Plus Broilers Chicks (Grinphield Brand),
CUS_TEST_0099,5,236.3,1254,0.151,90, Commercial Day Old Marshall Broilers Chicks (Grinphield Brand),
CUS_TEST_0100,184,213.11,1850,0.147,68, Commercial Day Old Arbor Acres Plus Broilers Chicks (Grinphield Brand),
CUS_TEST_0101,20,16.49,355,0.175,43, Commercial Day Old Marshall Broilers Chicks (Grinphield Brand),
CUS_TEST_0102,46,155.01,1564,0.145,69, Vertex Broiler ,
CUS_TEST_0103,12,235,1462,0.047,99, Vertex Broiler ,
CUS_TEST_0104,70,211.44,1660,0.141,13, AMO Noilers (Day-Old Chicks),
CUS_TEST_0105,1,5,2,0.002,1, Day Old AMO Broilers (Commercial Arbor Acres Plus),
CUS_TEST_0106,147,198.55,1994,0.049,75, Hyline Brown AGRITED Day-Old Pullets,
CUS_TEST_0107,154,249.79,866,0.016,82, Agrited Broiler ,
CUS_TEST_0108,1,5,2,0.002,1, Agrited Broiler ,
CUS_TEST_0109,108,372.91,760,0.142,41, Agrited Broilers - One Carton,
CUS_TEST_0110,1,0,0,0,1, Agrited Broilers - One Carton,
CUS_TEST_0111,308,270.63,101,0.15,87, Agrited Ross 308 Broilers (Commercial Day-old Chicks),
CUS_TEST_0112,352,396.82,1300,0.184,71, Monensin + Vitamin E - Feed Grade Anticoccidial Premix for Poultry - Monensin + Vitamin E 25kg,
CUS_TEST_0113,70,155.43,670,0.022,59, Day-Old ZARTECH Broilers (Cobb 500),
CUS_TEST_0114,2,4,5,0.047,2, Vertex Broiler ,
CUS_TEST_0115,250,179.16,969,0.15,3, Day-Old ZARTECH Broilers (Cobb 500),
CUS_TEST_0116,3,0,0,0,1, Day-Old ZARTECH Broilers (Cobb 500),
CUS_TEST_0117,102,368.88,637,0.125,7, Commercial Day-Old Pullets (ISA Brown ,
CUS_TEST_0118,75,442.01,1640,0.017,49, Day Old Broilers (CASCADA Arbor Acres Broiler),
CUS_TEST_0119,3,4,5,0.091,5, Vertex Broiler ,
CUS_TEST_0120,203,320.97,595,0.148,33, Commercial Day-Old ZARTECH Broilers (Cobb 500),
CUS_TEST_0121,192,295.25,1397,0.138,48, Vertex Broiler ,
CUS_TEST_0122,2,0,0,0,1, Vertex Broiler ,
CUS_TEST_0123,242,113.83,83,0.176,2, Day-Old ZARTECH Broilers (Cobb 500),
CUS_TEST_0124,179,162.39,1783,0.155,71, Vertex Broiler ,
CUS_TEST_0125,219,91.8,557,0.135,32, Farm Support Broilers (Commercial Day-Old Arbor Acres Plus),
CUS_TEST_0126,3,2,640,0.007,4, Commercial Day-Old ZARTECH Broilers (Cobb 500),
CUS_TEST_0127,1,5,2,0.002,1, Farm Support Broilers (Commercial Day-Old Arbor Acres Plus),
CUS_TEST_0128,175,174.48,1611,0.009,36, Agrited Broiler ,
CUS_TEST_0129,239,377.2,222,0.162,32, Poultry Management For First-Timers (E-Book),
CUS_TEST_0130,1,0,0,0,1, Hi-Mix Fish Premix (5kg),
CUS_TEST_0131,163,493.26,87,0.113,77, Commercial SAYED Broilers (Day-Old Chicks),
CUS_TEST_0132,1,5,2,0.002,1, Commercial SAYED Broilers (Day-Old Chicks),
CUS_TEST_0133,329,379.39,1164,0.157,60, Day-Old FIDAN Broilers (Arbor Acres Plus),
CUS_TEST_0134,328,437.02,158,0.177,56, Commercial SAYED Broilers (Day-Old Chicks),
CUS_TEST_0135,116,342.7,1902,0.08,35, Fidan Broiler ,
CUS_TEST_0136,337,211.81,735,0.173,30, Farm Support Broilers (Commercial Day-Old Arbor Acres Plus),
CUS_TEST_0137,337,379.26,1978,0.054,54, Fidan Broiler ,
CUS_TEST_0138,225,109.8,881,0.107,36, Vaccination Program-The Complete Guide For Different Breeds of Poultry (E-Book),
CUS_TEST_0139,352,170.5,1379,0.172,55, Amo Broiler ,
CUS_TEST_0140,328,277.88,37,0.066,89, Livestock Ear Tag (For Cattle,
CUS_TEST_0141,147,291.95,58,0.191,80, AMO Noilers (Day-Old Chicks),
CUS_TEST_0142,63,20.85,1165,0.025,58, Farm Support Broilers (Commercial Day-Old Arbor Acres Plus),
CUS_TEST_0143,294,473.11,976,0.005,83, Day Old Broilers (CASCADA Arbor Acres Broiler),
CUS_TEST_0144,323,351.35,1726,0.181,65, AMO Broilers (Commercial Arbor Acres Plus),
CUS_TEST_0145,325,252.89,160,0.015,69, Commercial Day Old Marshall Broilers Chicks (Grinphield Brand),
CUS_TEST_0146,3,4,217,0.198,1, Amo Broiler ,
CUS_TEST_0147,1,5,2,0.002,1, Commercial SAYED Broilers (Day-Old Chicks),
CUS_TEST_0148,287,490.41,738,0.028,88, Platinum 701 F1 Tomato Seeds (East West Seed ,
CUS_TEST_0149,208,261.02,1528,0.108,53, Your Complete Guide to Organic Poultry Farming (72 PAGES ,
CUS_TEST_0150,114,66,1417,0.038,36, Commercial Day Old White Cockerel Chicks,
CUS_TEST_0151,22,384.75,1257,0.086,68, A Simple Guide to Raising Local/Indigenous Chickens for Household and Commercial Purposes (2019 Edition),
CUS_TEST_0152,349,342.66,241,0.013,36, Gas Brooder with Infrared Functions(1000 ,
CUS_TEST_0153,214,388.76,1674,0.046,52, Day Old Broilers (CASCADA Arbor Acres Broiler),
CUS_TEST_0154,171,476.21,305,0.073,53, Day Old CHI Arbor Acre Broilers - Carton of 50 Chicks,
CUS_TEST_0155,323,390.48,1126,0.088,82, Day Old CHI Arbor Acre Broilers - Carton of 50 Chicks,
CUS_TEST_0156,54,309.55,1732,0.196,50, Day Old CHI Arbor Acre Broilers - Carton of 50 Chicks,
CUS_TEST_0157,298,430.08,1825,0.162,80, CHI Broiler ,
CUS_TEST_0158,320,339.89,272,0.148,41, Numbered Ear Tag (For Cattle,
CUS_TEST_0159,126,209.98,1840,0.108,18, Gas Brooder with Infrared Functions (1000 Chicks Capacity) (PROMO) - 1000 birds,
CUS_TEST_0160,277,443.95,1155,0.168,22, Giant Hybrid Cocoa Pod,
CUS_TEST_0161,204,118.73,1016,0.069,66, Commercial Day-Old Arbor Acres Plus (FIDAN Broilers),
CUS_TEST_0162,13533,360.17,714,0.142,21, Day-Old FIDAN Broilers (Arbor Acres Plus),
CUS_TEST_0163,169,441.97,200,0.199,44, AMO Noilers (Day-Old Chicks),
CUS_TEST_0164,152,368.35,682,0.064,47, Fidan Broiler ,
CUS_TEST_0165,35,351.66,1962,0.135,39, Fidan Broiler ,
CUS_TEST_0166,184,378.79,217,0.169,29, Fidan Broiler ,
CUS_TEST_0167,387535,237.88,1494,0.183,54, Commercial Day-Old Arbor Acres Plus (FIDAN Broilers),
CUS_TEST_0168,57,438.34,1139,0.144,90, Commercial Day-Old Arbor Acres Plus (FIDAN Broilers),
CUS_TEST_0169,222,109.68,1529,0.057,85, Agrited Broilers - One Carton,
CUS_TEST_0170,303,72.42,81,0.066,17, Day-Old FIDAN Broilers (Arbor Acres Plus),
CUS_TEST_0171,163,149.9,140,0.005,80, 5 in 1 PH Meter,
CUS_TEST_0172,19,270.47,906,0.152,60, Digital Hanging Scale ,
CUS_TEST_0173,264,260.18,1907,0.01,31, AMO Noilers (Day-Old Chicks),
CUS_TEST_0174,282,412.09,1096,0.173,73, AMO Noilers (Commercial Dual-Purpose Day Old Chicks),
CUS_TEST_0175,1,5,2,0.002,1, Commercial Day-Old ZARTECH Broilers (Cobb 500),
CUS_TEST_0176,327,247.33,1253,0.035,78, Legume Force Herbicide ,
CUS_TEST_0177,30,16.55,1863,0.096,49, Day-Old FIDAN Broilers (Arbor Acres Plus),
CUS_TEST_0178,135,210.77,887,0.148,2, Day Old Broilers (CASCADA Arbor Acres Broiler),
CUS_TEST_0179,67,327.41,1805,0.029,48, Day-Old FIDAN Broilers (Arbor Acres Plus),
CUS_TEST_0180,65,17.6,656,0.089,14, Agrited Broilers - One Carton,
CUS_TEST_0181,292,147.63,1079,0.097,59, OFFER: Gas Brooder with Infrared Functions (1000 Capacity) + 1 FREE HTC thermometer (Expired),
CUS_TEST_0182,1,5,2,0.002,1, Commercial Day Old Arbor Acres Plus Broilers Chicks (Grinphield Brand),
CUS_TEST_0183,37,30.57,328,0.024,99, L-Lysine Sulphate - Feed Additive (25kg),
CUS_TEST_0184,1,244.84,1130,0.167,58, Diammonium Phosphate Fertilizer (DAP) ,
CUS_TEST_0185,37,99.04,953,0.101,58, Amo Broiler ,
CUS_TEST_0186,141,374.11,166,0.004,51, Commercial Day-Old ZARTECH Broilers (Cobb 500),
CUS_TEST_0187,232,425.48,1073,0.161,84, Poultry Management For First-Timers (E-Book),
CUS_TEST_0188,136,277.34,469,0.196,2, Bronze Level Membership,
CUS_TEST_0189,188,491.04,240,0.122,41, Bronze Level Membership,
CUS_TEST_0190,14252,230.73,781,0.101,83, Commercial SAYED Broilers (Day-Old Chicks),
CUS_TEST_0191,201,261.55,1604,0.176,82, Commercial SAYED Broilers (Day-Old Chicks),
CUS_TEST_0192,127,494.72,464,0.191,16, Grinphield Day-Old Marshall Broilers,
CUS_TEST_0193,257,123.46,809,0.151,4, AMO Noilers (Commercial Dual-Purpose Day Old Chicks),
CUS_TEST_0194,258238,471.85,1260,0.09,12, AMO Noilers (Commercial Dual-Purpose Day Old Chicks),
CUS_TEST_0195,35,30.99,468,0.119,29, Commercial Day Old Pullets - ISA Brown (Grinphield Brand ,
CUS_TEST_0196,194,228.73,1832,0.14,7, Day-Old AMO Pullets (ISA Brown ,
CUS_TEST_0197,191,44.3,695,0.04,14, Heteroclarias Spp Fingerlings/Post Fingerlings/Juveniles (Hybrid) -Special Maxi Brand -,
CUS_TEST_0198,104,367.33,1095,0.09,12, Day Old AMO Broilers (Commercial Arbor Acres Plus),
CUS_TEST_0199,23,308.12,440,0.166,99, AMO Broilers (Commercial Arbor Acres Plus),
CUS_TEST_0200,265,356.25,1576,0.131,5, AMO Noilers (Day-Old Chicks),
CUS_TEST_0201,290,193.5,835,0.083,81, Commercial Day-Old Pullets (ISA Brown) - Amo Brand,
CUS_TEST_0202,260,191.05,639,0.133,32, Agrited Broilers,
CUS_TEST_0203,358,32.21,456,0.025,74, Valentine Broilers Commercial Day Old Chicks (Ross 308),
CUS_TEST_0204,75,181.47,1328,0.081,43, Agrited Broilers,
CUS_TEST_0205,355,465.35,1501,0.159,81, Hyline Brown AGRITED Day-Old Pullets,
CUS_TEST_0206,72,195.82,931,0.045,69, Day Old White Cockerel,
CUS_TEST_0207,259,417.37,971,0.038,45, AMO Noilers (Commercial Dual-Purpose Day Old Chicks),
CUS_TEST_0208,188,422.74,1937,0.19,9, Day-Old Chikun Pullets (Olam Brand ,
CUS_TEST_0209,173,192.89,771,0.043,49, Grower Pig Feed (25kg ,
CUS_TEST_0210,290,319.67,1422,0.053,33, Automatic Injector/Continuous Syringe for Poultry,
CUS_TEST_0211,45,56.73,1991,0.194,18, Growers Mash (Hybrid Brand) - 25kg Bag,
CUS_TEST_0212,61,60.8,1273,0.147,9, Heteroclarias Spp Fingerlings/Post Fingerlings/Juveniles (Hybrid) -Special Maxi Brand - ,
CUS_TEST_0213,83,33.84,1630,0.14,62, Special Poultry Equipment (Combo),
CUS_TEST_0214,123,294.7,1920,0.171,57, Vigorlite (Multivitamin and Amino Acid Supplement) - 100 Sachets (Carton),
CUS_TEST_0215,24825,218.77,1285,0.024,29, Digital Temperature and Humidity Meter (with Clock) - HTC 1/2 Brand - htc-1-model,
CUS_TEST_0216,16,278.54,357,0.141,78, Growers Mash (Hybrid Brand) - 25kg Bag,
CUS_TEST_0217,66,265.33,1496,0.101,25, Day-Old AMO Pullets (ISA Brown ,
CUS_TEST_0218,145,181.6,81,0.166,15, Day-Old AMO Pullets (ISA Brown ,
CUS_TEST_0219,162,341.96,1939,0.102,6, Layers Mash (Hybrid Brand) – 25kg Bag,
CUS_TEST_0220,234,381.67,1996,0.124,42, Hybrid Feeds Layer Mash - 25kg Bag,
CUS_TEST_0221,144,17.17,405,0.096,29, Diva F1 Tomato Seeds (East West Seed ,
CUS_TEST_0222,358,111.55,292,0.096,79, Diva F1 Tomato Seeds (East West Seed ,
CUS_TEST_0223,1,5,2,0.002,1, Agrited Broilers,
CUS_TEST_0224,322,199.44,388,0.126,4, Agrited Ross 308 Broilers (Commercial Day-old Chicks),
CUS_TEST_0225,13,334.62,1370,0.127,82, Day-Old Pullets (Zartech),
CUS_TEST_0226,184,180.01,1377,0.091,57, Commercial Day Old Arbor Acres Plus Broilers Chicks (Grinphield Brand),
CUS_TEST_0227,111,201.47,1974,0.107,49, Agrited Broilers,
CUS_TEST_0228,290,87.75,1961,0.149,44, Agrited Broilers,
CUS_TEST_0229,295,136.53,1719,0.165,80, Agrited Broilers (Commercial Day-Old Ross 308),
CUS_TEST_0230,215,306.65,1923,0.14,75, Agrited Broiler ,
CUS_TEST_0231,423528,222.25,1931,0.185,14, Agrited Broilers,
CUS_TEST_0232,55,389.41,681,0.164,3, Day-Old Pullets (Zartech),
CUS_TEST_0233,27,427.77,1992,0.113,62, SAYED Broilers (Day-Old Chicks),
CUS_TEST_0234,118,275.41,1616,0.135,64, Commercial SAYED Broilers (Day-Old Chicks),
CUS_TEST_0235,2424,381.55,1682,0.185,45, Commercial Day Old Arbor Acres Plus Broilers Chicks (Grinphield Brand),
CUS_TEST_0236,231,160.38,1474,0.124,82, Agrited Broilers - One Carton,
CUS_TEST_0237,53,213.34,75,0.165,58, Heteroclarias Spp Fingerlings/Post Fingerlings/Juveniles (Hybrid) -Special Maxi Brand -,
CUS_TEST_0238,295,359.26,1874,0.138,20, Catfish Jumbo (Clarias spp ,
CUS_TEST_0239,321,199.24,629,0.111,58, Heteroclarias Hybrid Juveniles/Jumbo Juveniles - Jumbo Juveniles (Less than 5000 pieces),
CUS_TEST_0240,233,298.37,749,0.049,89, Organic Poultry Production Manual (Birds and Eggs Production-2020 Edition) - 57 Pages,
CUS_TEST_0241,158,100.83,1942,0.086,57, Commercial Day-Old ZARTECH Broilers (Cobb 500),
CUS_TEST_0242,269,303.89,1322,0.194,77, AMO Broiler Chicks ,
CUS_TEST_0243,21,432.14,630,0.132,68, Day Old AMO Broilers (Commercial Arbor Acres Plus),
CUS_TEST_0244,53,435.63,410,0.113,78, Agrited Broilers (Commercial Day-Old Ross 308),
CUS_TEST_0245,1,5,2,0.002,1, Day-Old FIDAN Broilers (Arbor Acres Plus),
CUS_TEST_0246,1,5,2,0.002,1, Agrited Broiler ,
CUS_TEST_0247,281,283.38,145,0.106,52, Vertex Broiler ,
CUS_TEST_0248,214,296.49,1683,0.152,37, Day Old CHI Arbor Acre Broilers - Carton of 50 Chicks,
CUS_TEST_0249,2582385,75.49,289,0.143,8, Vertex Broiler ,
CUS_TEST_0250,337,227.49,1128,0.039,44, Day Old CHI Arbor Acre Broilers - Carton of 50 Chicks,
CUS_TEST_0251,1,5,2,0.002,1, Agrited Broilers,
CUS_TEST_0252,23,479.66,334,0.095,5, Commercial Day-Old ZARTECH Broilers (Cobb 500),
CUS_TEST_0253,32,221.23,36,0.076,69, Day Old CHI Arbor Acre Broilers - Carton of 50 Chicks,
CUS_TEST_0254,74,279.18,395,0.104,31, Your Complete Guide to Organic Poultry Farming (72 PAGES ,
CUS_TEST_0255,10,271.29,1687,0.083,45, 120 capacity,
CUS_TEST_0256,54,322.01,552,0.041,9, Agrited Broilers (Commercial Day-Old Ross 308),
CUS_TEST_0257,52,376.63,1401,0.083,32, Agrited Ross 308 Broilers (Commercial Day-old Chicks),
CUS_TEST_0258,148,120.27,1491,0.015,33, PrimaLac Probiotics (100g),
CUS_TEST_0259,160,269.07,1268,0.116,67, Farm Support Broilers (Commercial Day-Old Arbor Acres Plus),
CUS_TEST_0260,14,414.7,458,0.171,30, Agrited Broilers,
CUS_TEST_0261,178,236.93,820,0.145,76, Agrited Broilers,
CUS_TEST_0262,53,146.44,1551,0.073,29, Farm Support Broilers (Commercial Day-Old Arbor Acres Plus),
CUS_TEST_0263,25258,330.81,1593,0.018,3, Farm Support Broilers (Commercial Day-Old Arbor Acres Plus),
CUS_TEST_0264,22,413.65,776,0.041,90, Buy High-Quality Plantain Suckers l Afrimash ,
CUS_TEST_0265,30,40.94,396,0.11,57, Metal Seed Planter - Chinese Model,
CUS_TEST_0266,191,390.63,342,0.042,30, Chainsaws (,
CUS_TEST_0267,260,412.61,567,0.109,9, Day-Old CHI Broilers ,
CUS_TEST_0268,205,236.15,950,0.047,26, Agrited Broilers,
CUS_TEST_0269,59,491.82,1107,0.17,2, Agrited Broiler ,
CUS_TEST_0270,264,395.49,1594,0.08,62, Agrited Broiler ,
CUS_TEST_0271,12,389.09,1520,0.05,3, Agrited Broiler ,
CUS_TEST_0272,119,376.44,894,0.163,46, Agrited Broiler ,
CUS_TEST_0273,290,83.8,1217,0.069,68, Agrited Broilers,
CUS_TEST_0274,338,116.44,811,0.023,25, Agrited Broilers,
CUS_TEST_0275,248,237.36,363,0.115,51, Agrited Broilers,
CUS_TEST_0276,354,139.36,1600,0.117,13, Agrited Broilers,
CUS_TEST_0277,127,213.47,827,0.143,44, Valentine Broilers Commercial Day Old Chicks (Ross 308),
CUS_TEST_0278,75,445.35,377,0.049,35, Commercial Day-Old ZARTECH Broilers (Cobb 500),
CUS_TEST_0279,361,413.92,302,0.089,55, Agrited Broilers - One Carton,
CUS_TEST_0280,204,318.72,992,0.057,87, Formulating Feeds: The Roles of 11 Essential Feed Ingredients (e-Book),
CUS_TEST_0281,49,430.48,749,0.017,9, Agrited Broilers - One Carton,
CUS_TEST_0282,79,394.05,1803,0.175,2, Afrimash Broiler ,
CUS_TEST_0283,241,220.2,1467,0.146,61, Agrited Broilers - One Carton,
CUS_TEST_0284,349,108.52,529,0.061,41, Gas Brooder with Infrared Functions (1000 and 2000 Chicks Capacity) - 1000 birds,
CUS_TEST_0285,154,261.96,1146,0.12,44, Day-Old CHI Broilers ,
CUS_TEST_0286,65735,370.75,714,0.041,64, AMO Noilers (Commercial Dual-Purpose Day Old Chicks),
CUS_TEST_0287,96,223.85,108,0.178,31, Day-Old ZARTECH Broilers (Cobb 500) - One Carton,
CUS_TEST_0288,214,336.72,651,0.024,47, African Giant Snails and Snail Farming (Volumes 1 and 2),
CUS_TEST_0289,294,56.22,1270,0.002,2, Agrited Broiler ,
CUS_TEST_0290,209,376.52,976,0.101,96, Agrited Broiler ,
CUS_TEST_0291,343,408.23,387,0.117,82, Agrited Broiler ,
CUS_TEST_0292,88,356.35,647,0.116,77, Day-Old ZARTECH Broilers (Cobb 500),
CUS_TEST_0293,306,483.96,536,0.012,69, Day-Old AMO Pullets (ISA Brown ,
CUS_TEST_0294,264,415.06,1612,0.063,58, Vertex Broiler ,
CUS_TEST_0295,325,452.52,1234,0.1,44, Vertex Broiler ,
CUS_TEST_0296,320,467.45,605,0.044,74, Vertex Broiler ,
CUS_TEST_0297,157,402.66,1299,0.175,56, Agrited Broilers (Commercial Day-Old Ross 308),
CUS_TEST_0298,156,340.39,273,0.018,43, Agrited Ross 308 Broilers (Commercial Day-old Chicks),
CUS_TEST_0299,139,12.8,535,0.098,89, Agrited Ross 308 Broilers (Commercial Day-old Chicks),
CUS_TEST_0300,121,238.25,451,0.139,34, AGRITED Pullets (Hyline Brown Pullets) Day-Old,
CUS_TEST_0301,65,289.87,1373,0.053,30, Agrited Broiler ,
CUS_TEST_0302,107,158.97,1140,0.125,71, FIVE STAR,
CUS_TEST_0303,147,165.87,246,0.166,70, AMO Noilers (Day-Old Chicks),
CUS_TEST_0304,137,480.97,1543,0.039,55, Nandini F1 Cucumber Seeds (East West Seed Brand ,
CUS_TEST_0305,162,446.94,1572,0.184,67, AMO Broiler Chicks ,
CUS_TEST_0306,100,426.1,1331,0.111,13, Farm Support Broilers (Commercial Day-Old Arbor Acres Plus),
CUS_TEST_0307,258739,208.95,1902,0.061,3, Agrited Broiler ,
CUS_TEST_0308,307,16.71,1775,0.087,26, Agrited Broilers (Commercial Day-Old Ross 308),
CUS_TEST_0309,141,49.31,1038,0.063,57, Agrited Broilers (Commercial Day-Old Ross 308),
CUS_TEST_0310,83,162.98,1222,0.145,24, Agrited Broilers (Commercial Day-Old Ross 308),
CUS_TEST_0311,177,17.71,359,0.159,53, Commercial Day-Old Kuroiler Chicks (Grinphield Brand),
CUS_TEST_0312,198,18.4,679,0.167,70, Agrited Broilers (Commercial Day-Old Ross 308),
CUS_TEST_0313,112,459.14,1494,0.197,43, Agrited Broilers (Commercial Day-Old Ross 308),
CUS_TEST_0314,56,356.02,420,0.158,60, Amo Broiler ,
CUS_TEST_0315,179,161.39,1549,0.121,58, KEPROMEC Oral (Ivermectin ,
CUS_TEST_0316,186,75,410,0.069,49, Bag Closing Machine (Electric-Powered),
CUS_TEST_0317,218,260.7,1359,0.109,42, Agrited Broilers (Commercial Day-Old Ross 308),
CUS_TEST_0318,316,12.62,771,0.009,76, Cassava Stem Cuttings (35 Stems/Bundle),
CUS_TEST_0319,217,469.82,849,0.149,66, Agrited Broilers (Commercial Day-Old Ross 308),
CUS_TEST_0320,120,213.26,702,0.09,11, Agrited Broilers (Commercial Day-Old Ross 308),
CUS_TEST_0321,2566,5,2,0.002,1, Agrited Broiler ,
CUS_TEST_0322,23,201.39,1801,0.013,90, Dwarf Oilpalm Tenera seedling,
CUS_TEST_0323,213,43.97,978,0.078,18, Vertex Broiler ,
CUS_TEST_0324,235,322.78,1241,0.117,85, Agrited Broilers,
CUS_TEST_0325,13,369.17,959,0.093,52, Agrited Broilers - One Carton,
CUS_TEST_0326,101,341.3,1569,0.124,46, Agrited Broilers - One Carton,
CUS_TEST_0327,24,77.83,942,0.097,44, Commercial Rabbits (Pure Breed New Zealand White ,
CUS_TEST_0328,364,293.63,673,0.133,22, Commercial Hyla Rabbits (Broiler Rabbit Breed ,
CUS_TEST_0329,11,289.05,456,0.045,53, Agrited Broiler ,
CUS_TEST_0330,273,435.52,531,0.023,59, Yammfy Commercial Day-Old Pullets,
CUS_TEST_0331,281,195.77,759,0.12,94, Day Old CHI Arbor Acre Broilers - Carton of 50 Chicks,
CUS_TEST_0332,94,192.03,1313,0.097,30, Farm Support Broilers (Commercial Day-Old Arbor Acres Plus),
CUS_TEST_0333,201,313.08,1566,0.006,8, Day-Old Marshall Broilers (Grinphield),
CUS_TEST_0334,1,5,2,0.002,1, Agrited Broilers,
CUS_TEST_0335,340,239.95,507,0.022,57, Day-Old ZARTECH Broilers (Cobb 500) - One Carton,
CUS_TEST_0336,211,227.1,1231,0.107,73, Agrited Broilers - One Carton,
CUS_TEST_0337,140,252.13,486,0.08,20, Poultry Management For First-Timers (E-Book),
CUS_TEST_0338,293,431.91,218,0.123,25, TouchOn Carrot Seeds ,
CUS_TEST_0339,298,235.97,320,0.161,19, Rabbit Nipple Drinker (100),
CUS_TEST_0340,101,470.57,1573,0.061,5, Pig Nipple Drinker (5 Pieces),
CUS_TEST_0341,304,256.96,1818,0.192,75, Day-Old ZARTECH Broilers (Cobb 500),
CUS_TEST_0342,3534664,475.11,949,0.108,79, Day-Old AMO Pullets (ISA Brown ,
CUS_TEST_0343,28,418.09,321,0.124,72, Commercial Day-Old ZARTECH Broilers (Cobb 500),
CUS_TEST_0344,41,187.59,1999,0.136,83, CHI Pullet ,
CUS_TEST_0345,355,433.18,785,0.134,87, Your Complete Guide to Organic Poultry Farming (72 PAGES ,
CUS_TEST_0346,303,63.93,1688,0.103,27, Chikun Broilers (Day-Old Cobb 500 ,
CUS_TEST_0347,146,463.27,1864,0.086,40, Commercial Day Old Marshall Broilers Chicks (Grinphield Brand),
CUS_TEST_0348,256,319.51,1336,0.012,96, Agrited Broiler ,
CUS_TEST_0349,227,36.65,1597,0.005,26, Commercial Day-Old ZARTECH Broilers (Cobb 500),
CUS_TEST_0350,236,325.69,1899,0.072,27, Commercial Day-Old ZARTECH Broilers (Cobb 500),
CUS_TEST_0351,361,487.38,406,0.067,62, Commercial Day Old Arbor Acres Plus Broilers Chicks (Grinphield Brand),
CUS_TEST_0352,13,44.2,1711,0.078,83, Commercial Day-Old ZARTECH Broilers (Cobb 500),
CUS_TEST_0353,210,281.8,1209,0.029,50, AMO Noilers (Day-Old Chicks),
CUS_TEST_0354,229,376.42,537,0.148,42, Day-Old ZARTECH Broilers (Cobb 500),
CUS_TEST_0355,100,407.03,1466,0.172,29, Commercial Day-Old ZARTECH Broilers (Cobb 500),
CUS_TEST_0356,31,212.78,557,0.188,39, AMO Noilers (Day-Old Chicks),
CUS_TEST_0357,16,110.04,1408,0.099,60, AMO Noilers (Day-Old Chicks),
CUS_TEST_0358,137,30.75,588,0.14,41, Commercial Day-Old ZARTECH Broilers (Cobb 500),
CUS_TEST_0359,329,294.07,1816,0.171,33, Commercial Day-Old ZARTECH Broilers (Cobb 500),
CUS_TEST_0360,166,231.93,1240,0.084,83, Commercial Day-Old ZARTECH Broilers (Cobb 500),
CUS_TEST_0361,310,474.88,1084,0.063,83, Chikun Broilers (Day-Old Cobb 500 ,
CUS_TEST_0362,1,5,2,0.002,1, Commercial Day-Old ZARTECH Broilers (Cobb 500),
CUS_TEST_0363,109,345.84,450,0.104,16, AMO Noilers (Day-Old Chicks),
CUS_TEST_0364,343,22.23,1582,0.1,23, AMO Noilers (Day-Old Chicks),
CUS_TEST_0365,173,94,1604,0.037,7, AMO Noilers (Day-Old Chicks),
CUS_TEST_0366,237,232.25,333,0.023,26, AMO Noilers (Day-Old Chicks),
CUS_TEST_0367,162,232.89,971,0.169,96, Bronze Level Membership,
CUS_TEST_0368,216,345.99,1997,0.123,12, Commercial Day-Old ZARTECH Broilers (Cobb 500),
CUS_TEST_0369,264,456,1092,0.066,72, Day-Old ZARTECH Broilers (Cobb 500),
CUS_TEST_0370,263,323.13,1542,0.039,5, AMO Noilers (Day-Old Chicks),
CUS_TEST_0371,1,5,2,0.002,1, Commercial Day-Old ZARTECH Broilers (Cobb 500),
CUS_TEST_0372,274,441.99,571,0.117,69, Commercial Day-Old ZARTECH Broilers (Cobb 500),
CUS_TEST_0373,3,296.4,1723,0.042,49, Commercial Day-Old ZARTECH Broilers (Cobb 500),
CUS_TEST_0374,28,418.56,1331,0.17,26, AMO Noilers (Day-Old Chicks),
CUS_TEST_0375,242556,324.86,1256,0.018,5, AMO Noilers (Day-Old Chicks),
CUS_TEST_0376,149,48.49,1119,0.072,22, Commercial Day-Old ZARTECH Broilers (Cobb 500),
CUS_TEST_0377,28,372.88,137,0.136,79, Commercial Day-Old ZARTECH Broilers (Cobb 500),
CUS_TEST_0378,310,56.51,297,0.056,13, Agrited Broilers,
CUS_TEST_0379,65,301.1,251,0.166,28, AMO Noilers (Commercial Dual-Purpose Day Old Chicks),
CUS_TEST_0380,356,354.29,1857,0.148,33, Day-Old ZARTECH Broilers (Cobb 500),
CUS_TEST_0381,21,42.6,1583,0.158,23, UV LIGHTS (12 Watts Stainless ,
CUS_TEST_0382,1,5,2,0.002,1, Agrited Broilers - Half Carton,
CUS_TEST_0383,235,458.68,722,0.029,18, Super Gro Liquid Organic Fertilizer - 1L to 5L ,
CUS_TEST_0384,227,311.99,284,0.058,30, Vertex Broiler ,
CUS_TEST_0385,13,130.68,1508,0.104,26, Commercial Day-Old ZARTECH Broilers (Cobb 500),
CUS_TEST_0386,313,348.43,282,0.15,16, Commercial Day-Old ZARTECH Broilers (Cobb 500),
CUS_TEST_0387,49,302.42,286,0.167,77, Agrited Broilers (Commercial Day-Old Ross 308),
CUS_TEST_0388,14255,255.77,412,0.141,39, AMO Noilers (Commercial Dual-Purpose Day Old Chicks),
CUS_TEST_0389,54,488.33,471,0.186,33, 4-Week-Old Turkeys – Superior Quality for Optimal Growth and Profitability (6 turkeys/Carton) - One Carton,
CUS_TEST_0390,138,344.89,1911,0.148,26, Bell Drinkers for Floor Reared Poultry,
CUS_TEST_0391,53,193.97,628,0.062,48, Automatic Bell Drinkers For Poultry (With Elongated Bell ,
CUS_TEST_0392,44,402.04,1143,0.054,65, AMO Noilers (Commercial Dual-Purpose Day Old Chicks),
CUS_TEST_0393,303,443.45,1802,0.14,38, 120 capacity,
CUS_TEST_0394,53,71.36,419,0.039,2, Amo Broiler ,
CUS_TEST_0395,74,108.27,611,0.019,6, Catfish Jumbo (Clarias spp ,
CUS_TEST_0396,46,115.95,1097,0.107,46, Agrited Broiler ,
CUS_TEST_0397,13,348.69,1765,0.165,50, A Simple Guide to Raising Local/Indigenous Chickens for Household and Commercial Purposes (2019 Edition),
CUS_TEST_0398,165,305.49,1717,0.021,38, Day-Old ZARTECH Broilers (Cobb 500),
CUS_TEST_0399,102,313.31,627,0.159,88, Tuber Force Herbicide ,
CUS_TEST_0400,280,470.98,48,0.163,18, Clarias gariepinus Broodstock (Mature Males and Females) - Mature Male Broodstock (per kg),
CUS_TEST_0401,258,390.2,1154,0.097,27, Beginners Guide To Broiler Farming (184 Pages) - E-Book,
CUS_TEST_0402,337,72.69,1967,0.012,41, Amo Broiler ,
CUS_TEST_0403,356,180.28,636,0.036,72, Vertex Broiler ,
CUS_TEST_0404,1,5,2,0.002,1, Day Old Broilers (CASCADA Arbor Acres Broiler),
CUS_TEST_0405,163,204.02,1410,0.143,74, Your Complete Guide to Organic Poultry Farming (Second Edition),
CUS_TEST_0406,36363,337.96,1595,0.18,17, Your Complete Guide to Organic Poultry Farming (72 PAGES ,
CUS_TEST_0407,102,447.03,1814,0.117,62, A Simple Guide to Raising Local/Indigenous Chickens for Household and Commercial Purposes (2019 Edition),
CUS_TEST_0408,17,159.97,1991,0.026,29, Aquafeed Production,
CUS_TEST_0409,268,280.42,62,0.025,58, Intensive Aquaculture (Fish Farmers' Practical Guide),
CUS_TEST_0410,182,396.81,1282,0.145,70, Agrited Broiler ,
CUS_TEST_0411,24,213.95,1577,0.038,78, Day-Old ZARTECH Broilers (Cobb 500),
CUS_TEST_0412,29,92.38,1683,0.066,22, Day-Old AMO Pullets (ISA Brown ,
CUS_TEST_0413,171,242.73,891,0.098,6, Vertex Broiler ,
CUS_TEST_0414,228,37.06,184,0.006,26, AMO Noilers (Day-Old Chicks),
CUS_TEST_0415,188,471.77,1476,0.051,39, AMO Noilers (Day-Old Chicks),
CUS_TEST_0416,346,46.66,934,0.082,12, Agrited Broiler ,
CUS_TEST_0417,230,224.84,1299,0.057,99, Commercial SAYED Broilers (Day-Old Chicks),
CUS_TEST_0418,321,269.64,434,0.028,14, AMO Broiler Chicks ,
CUS_TEST_0419,340,492.8,873,0.146,22, Agrited Broiler ,
CUS_TEST_0420,42555,91.35,1812,0.163,51, Agrited Ross 308 Broilers (Commercial Day-old Chicks),
CUS_TEST_0421,156,66.07,1594,0.052,23, Agrited Broilers (Commercial Day-Old Ross 308),
CUS_TEST_0422,272,14.27,1214,0.155,48, Day Old AMO Broilers (Commercial Arbor Acres Plus),
CUS_TEST_0423,175,86.23,776,0.078,71, Agrited Broilers,
CUS_TEST_0424,104,111.56,1755,0.102,50, Brahma Day-Old Chicks (Mixed With Noiler Strain ,
CUS_TEST_0425,92,318.98,1170,0.171,89, Gas Brooder with Infrared Functions (1000 and 2000 Chicks Capacity) - 2000 birds,
CUS_TEST_0426,186,117.66,300,0.15,13, Day-Old CHI Broilers ,
CUS_TEST_0427,283,20.06,799,0.161,85, Red Jet Pepper,
CUS_TEST_0428,181,415.04,1745,0.028,10, Agrited Broiler ,
CUS_TEST_0429,170,189.14,1540,0.015,55, Red Jet Pepper,
CUS_TEST_0430,187,183.31,1938,0.179,9, Day-Old Black Cockerels Chicks,
CUS_TEST_0431,175,158.21,201,0.078,79, Day-Old Black Cockerels Chicks,
CUS_TEST_0432,222,487.93,303,0.058,52, Livestock Ear Tag (For Cattle,
CUS_TEST_0433,233,93.36,288,0.145,2, Livestock Tag Applicator. - Medium,
CUS_TEST_0434,162,450.14,1188,0.167,25, Day-Old ZARTECH Broilers (Cobb 500) - One Carton,
CUS_TEST_0435,134,390.63,1736,0.173,13, Pen Fogger ,
CUS_TEST_0436,1,5,2,0.002,1, Poultry Drinker ,
CUS_TEST_0437,153,493.5,1801,0.171,51, Your Complete Guide to Organic Poultry Farming (Second Edition),
CUS_TEST_0438,33,142.97,451,0.009,58, Day-Old Black Cockerels Chicks,
CUS_TEST_0439,55,58.31,1474,0.011,34, How to grow hibiscus flowers,
CUS_TEST_0440,7,416.36,1239,0.125,35, NPK 20:20:20 Agrovert Fertilizer (Foliar),
CUS_TEST_0441,12425,356.27,1982,0.014,3, Growers Premix ,
CUS_TEST_0442,313,312.44,393,0.066,59, Growers Premix ,
CUS_TEST_0443,126,86.43,1660,0.135,70, Growers Premix ,
CUS_TEST_0444,12,244.46,407,0.068,48, Commercial Hyla Rabbits (Broiler Rabbit Breed ,
CUS_TEST_0445,16,392.47,1576,0.037,64, Bitter Kola Seedling,
CUS_TEST_0446,208,158.78,609,0.057,19, Sugar King F1 Sweet Corn Seeds (250g ,
CUS_TEST_0447,43,162.73,920,0.092,67, F1 Goliath Seeds (Technisem Brand ,
CUS_TEST_0448,135,11.54,751,0.096,82, Agrited Broilers,
CUS_TEST_0449,228,95.38,1249,0.157,73, Agrited Broiler ,
CUS_TEST_0450,111,438.95,910,0.15,76, Agrited Broiler ,
CUS_TEST_0451,307,226.46,1151,0.092,5, Agrited Broiler ,
CUS_TEST_0452,160,492.27,634,0.169,67, Agrited Broiler ,
CUS_TEST_0453,331,203.9,51,0.024,11, Amo Broiler ,
CUS_TEST_0454,264,360.44,1503,0.052,94, Commercial Day Old Arbor Acres Plus Broilers Chicks (Grinphield Brand),
CUS_TEST_0455,225,148.14,1225,0.166,68, Commercial Day Old Arbor Acres Plus Broilers Chicks (Grinphield Brand),
CUS_TEST_0456,217,188.27,412,0.076,69, Commercial Day Old Arbor Acres Plus Broilers Chicks (Grinphield Brand),
CUS_TEST_0457,42424,5,2,0.002,1, Amo Broiler ,
CUS_TEST_0458,1,5,2,0.002,1, Day-Old Marshall Broilers (Grinphield),
CUS_TEST_0459,13,5,2,0.002,1, Day-Old Marshall Broilers (Grinphield),
CUS_TEST_0460,132,495.97,532,0.081,63, Agrited Broiler ,
CUS_TEST_0461,104,335.46,1238,0.086,29, Day-Old AMO Pullets (ISA Brown ,
CUS_TEST_0462,2424,107.63,1138,0.077,82, Commercial Day-Old ZARTECH Broilers (Cobb 500),
CUS_TEST_0463,157,32.03,1620,0.144,12, Agrited Broiler ,
CUS_TEST_0464,98,71.91,1816,0.11,77, Fidan Broiler (Commercial Day-Old Arbor Acres Plus Broilers),
CUS_TEST_0465,226,285.65,173,0.189,41, Commercial Day-Old ZARTECH Broilers (Cobb 500),
CUS_TEST_0466,4646,384.93,1916,0.051,2, Commercial Day-Old ZARTECH Broilers (Cobb 500),
CUS_TEST_0467,79,470.81,1963,0.021,37, Commercial Day-Old ZARTECH Broilers (Cobb 500),
CUS_TEST_0468,124,17.75,1732,0.079,45, Day-Old ZARTECH Broilers (Cobb 500),
CUS_TEST_0469,218,266.15,1465,0.124,80, Gorontula Fruits (Pack),
CUS_TEST_0470,4,240.73,253,0.172,48, Day-Old ZARTECH Broilers (Cobb 500) - Half Carton,
CUS_TEST_0471,90,331.47,249,0.07,24, Valentine Broilers Commercial Day Old Chicks (Ross 308),
CUS_TEST_0472,104,284.19,208,0.131,99, Agrited Broilers (Commercial Day-Old Ross 308),
CUS_TEST_0473,119,346.65,1684,0.071,22, Amo Broiler ,
CUS_TEST_0474,133,332.46,462,0.124,11, Amo Broiler ,
CUS_TEST_0475,312,67.34,294,0.177,58, Bronze Level Membership,
CUS_TEST_0476,96,401.86,983,0.047,46, Commercial SAYED Broilers (Day-Old Chicks),
CUS_TEST_0477,331,70.38,458,0.081,29, Commercial SAYED Broilers (Day-Old Chicks),
CUS_TEST_0478,143,352.28,1715,0.199,35, Automatic Chicken Cup Drinkers (Detachable Attachment for PVC Pipe ,
CUS_TEST_0479,288,213.91,445,0.174,15, Commercial SAYED Broilers (Day-Old Chicks),
CUS_TEST_0480,28,261.79,1506,0.113,60, Day-Old CHI Broilers ,
CUS_TEST_0481,1,5,2,0.002,1, Day-Old ZARTECH Broilers (Cobb 500),
CUS_TEST_0482,233,446.04,226,0.058,42, Day Old amo Pullets (ISA Brown),
CUS_TEST_0483,17,410.75,1607,0.104,43, Day Old amo Pullets (ISA Brown),
CUS_TEST_0484,59,259.97,1106,0.17,80, NoduMax Legume Inoculant (100g Sachets),
CUS_TEST_0485,90,370.76,509,0.137,74, Agrited Broilers (Commercial Day-Old Ross 308),
CUS_TEST_0486,199,261.32,1496,0.059,49, Agrited Broilers,
CUS_TEST_0487,362,436.11,1383,0.041,64, Vertex Broiler ,
CUS_TEST_0488,26,207.36,1304,0.054,32, WH-A08 Portable Electronic Scale (LCD ,
CUS_TEST_0489,25,485.42,1860,0.035,64, Potting Soil ,
CUS_TEST_0490,301,466.84,919,0.02,2, Automatic Chicken Cup Drinkers (Detachable Attachment for PVC Pipe ,
CUS_TEST_0491,339,373.39,1836,0.084,24, Plastic Egg Transport Basket (One-Piece Plastic ,
CUS_TEST_0492,267,146.91,954,0.024,87, Nipple Drinker plus Saddle (Chakra Model ,
CUS_TEST_0493,181,74.51,152,0.035,66, Regular Drinkers For Chicks (4 and 10 Liters) - - 4 Litres,
CUS_TEST_0494,360,428.8,1932,0.11,38, Automatic Chicken Cup Drinkers (Screw Type) - 50 pieces per pack,
CUS_TEST_0495,68,91,1440,0.034,31, Day-Old Black Cockerels Chicks,
CUS_TEST_0496,351,428.59,1392,0.014,26, Portable Incubator (48 ,
CUS_TEST_0497,321,250.47,807,0.064,29, Jumbo Plastic Egg Crate (Bundle of 36 Pieces ,
CUS_TEST_0498,49,209.21,377,0.045,67, Fixed Amount (Store Credit) - ?1000,
CUS_TEST_0499,175,452.56,58,0.104,78, Electric Scalding Machine ,
CUS_TEST_0500,52,305.89,1004,0.021,25, Hybrid F1 Cobra 26 ,
CUS_TEST_0501,102,292.54,64,0.151,48, Commercial Day-Old CHI Pullets (ISA Brown),
CUS_TEST_0502,216,283.8,1571,0.181,65, Stackable Plastic Fruit Baskets,
CUS_TEST_0503,188,191.87,1449,0.149,53, Hybrid F1 Cobra 26 ,
CUS_TEST_0504,57,394.97,652,0.107,67, Day Old AMO Broilers (Commercial Arbor Acres Plus),
CUS_TEST_0505,47,133.87,1347,0.172,90, Super Gro Liquid Organic Fertilizer - 1L to 5L ,
CUS_TEST_0506,159,470.06,618,0.139,18, Rotating Irrigation Spray Gun ,
CUS_TEST_0507,174,448.05,1402,0.003,9, Defeathering Fingers,
CUS_TEST_0508,242,175.37,1200,0.079,38, Manual Granular Fertilizer Applicator - Shovel,
CUS_TEST_0509,282,367.44,1120,0.17,87, Heat Bulb For Livestock ,
CUS_TEST_0510,241,290.88,933,0.07,21, 4 Stroke Motorized Knapsack Sprayer - 25L,
CUS_TEST_0511,5,175.45,549,0.008,65, Treated Hybrid Plantain Suckers ,
CUS_TEST_0512,84,494.38,151,0.149,21, Agrited Broilers - One Carton,
CUS_TEST_0513,308,22.37,369,0.161,27, HTC Digital Thermometer and Hygrometer (HTC 2),
CUS_TEST_0514,361,133.8,204,0.033,70, Day Old White Cockerel,
CUS_TEST_0515,248,264.84,1953,0.108,44, AMO Noilers (Commercial Dual-Purpose Day Old Chicks),
CUS_TEST_0516,54,265.76,1744,0.039,28, Agrited Broilers - One Carton,
CUS_TEST_0517,161,298.58,626,0.144,45, Stevia Sweet Herb ,
CUS_TEST_0518,226,378.32,480,0.055,17, Hybrid Coconut Seedlings,
CUS_TEST_0519,15,315.5,586,0.064,40, Farm Support Broilers (Commercial Day-Old Arbor Acres Plus),
CUS_TEST_0520,224,304.14,1189,0.169,3, Day Old Yammfy Broilers (Commercial Arbor Acres),
CUS_TEST_0521,61,36.22,1908,0.096,76, Agrited Broilers,
CUS_TEST_0522,122,194.5,1069,0.134,76, Commercial Day-Old ZARTECH Broilers (Cobb 500),
CUS_TEST_0523,277,123.71,1386,0.081,66, Farm Support Broilers (Commercial Day-Old Arbor Acres Plus),
CUS_TEST_0524,46,140.03,1248,0.06,46, Farm Support Broilers (Commercial Day-Old Arbor Acres Plus),
CUS_TEST_0525,294,281.63,1549,0.125,86, Agrited Broilers,
CUS_TEST_0526,62,107.76,38,0.032,87, Commercial SAYED Broilers (Day-Old Chicks),
CUS_TEST_0527,86,154.04,1881,0.075,30, Commercial Day-Old Arbor Acres Plus (FIDAN Broilers),
CUS_TEST_0528,210,126.17,363,0.043,69, Agrited Broilers (Commercial Day-Old Ross 308),
CUS_TEST_0529,78,474.77,1386,0.139,9, SAYED Broilers (Day-Old Chicks),
CUS_TEST_0530,202,472.89,1046,0.189,85, Commercial Day-Old ZARTECH Broilers (Cobb 500),
CUS_TEST_0531,302,308.87,356,0.199,11, Commercial Day-Old ZARTECH Broilers (Cobb 500),
CUS_TEST_0532,223,463.02,44,0.091,69, Royal Bold F1 Hybrid Tomato Seeds (Harvest Field Seeds ,
CUS_TEST_0533,222,395.05,868,0.051,99, Commercial Day Old Marshall Broilers Chicks (Grinphield Brand),
CUS_TEST_0534,1,5,2,0.002,1, Day-Old FIDAN Broilers (Arbor Acres Plus),
CUS_TEST_0535,6,13.15,255,0.17,66, Commercial Day Old Marshall Broilers Chicks (Grinphield Brand),
CUS_TEST_0536,93,388.53,1478,0.042,88, African Giant Snails and Snail Farming (Volumes 1 and 2),
CUS_TEST_0537,8,354.22,1843,0.19,31, Amo Broiler ,
CUS_TEST_0538,235,311.47,1461,0.069,33, Farm Support Broilers (Commercial Day-Old Arbor Acres Plus),
CUS_TEST_0539,108,382.61,142,0.197,39, Poultry Transport Crates (With Access Door),
CUS_TEST_0540,161,261.33,1481,0.168,94, Foliar Plus Complete Fertilizer ,
CUS_TEST_0541,209,355,30,0.162,46, Vertex Broiler ,
CUS_TEST_0542,240,468.23,295,0.064,37, Agrited Broilers,
CUS_TEST_0543,1,5,2,0.002,1, 4-Week-Old Turkeys – Superior Quality for Optimal Growth and Profitability (6 turkeys/Carton) - One Carton,
CUS_TEST_0544,333,356.98,1261,0.077,60, Agrited Broilers - One Carton,
CUS_TEST_0545,50,243.09,1675,0.061,31, Finisher Pig Feed (25kg ,
CUS_TEST_0546,11,340.46,1765,0.008,11, AMO Noilers (Day-Old Chicks),
CUS_TEST_0547,351,383.82,981,0.102,87, Yammfy Day-Old Cockerel Chicks,
CUS_TEST_0548,156,32.27,1422,0.081,2, Yammfy Day-Old Cockerel Chicks,
CUS_TEST_0549,70,326.83,335,0.127,27, Vaccination Program-The Complete Guide For Different Breeds of Poultry (E-Book),
CUS_TEST_0550,169,121.1,41,0.125,99, Automatic Poultry Beak Trimming Machine with Counter - Debeaker,
CUS_TEST_0551,272,338.32,1398,0.025,2, Commercial Day Old Arbor Acres Plus Broilers Chicks (Grinphield Brand),
CUS_TEST_0552,68,239.48,1518,0.195,21, Ear Tag for Large Livestock (Pack of 100) - Numbered Ear Tag,
CUS_TEST_0553,355,389.04,1753,0.038,58, Commercial Day Old Arbor Acres Plus Broilers Chicks (Grinphield Brand),
CUS_TEST_0554,252,70.47,1719,0.09,5, Commercial Day Old Arbor Acres Plus Broilers Chicks (Grinphield Brand),
CUS_TEST_0555,48,316.9,1547,0.098,52, Commercial Day Old Arbor Acres Plus Broilers Chicks (Grinphield Brand),
CUS_TEST_0556,184,146.45,1421,0.163,45, Vitamino Trace Oral (1 Litre),
CUS_TEST_0557,320,427.96,1899,0.021,85, Day-Old Marshall Broilers (Grinphield),
CUS_TEST_0558,1,5,2,0.002,1, Amitraz 20% (Ectoparasiticide ,
CUS_TEST_0559,90,498.24,449,0.126,20, AMO Broiler Chicks ,
CUS_TEST_0560,332,400.04,918,0.044,61, AMO Noilers (Day-Old Chicks),
CUS_TEST_0561,139,379.33,1844,0.126,38, Day Old AMO Broilers (Commercial Arbor Acres Plus),
CUS_TEST_0562,357,115.6,200,0.185,20, Day Old AMO Broilers (Commercial Arbor Acres Plus),
CUS_TEST_0563,89,174.64,163,0.2,25, Day-Old ZARTECH Broilers (Cobb 500),
CUS_TEST_0564,274,238.18,994,0.007,2, Commercial Day-Old ZARTECH Broilers (Cobb 500),
CUS_TEST_0565,19,388.96,1480,0.048,32, Agrited Broilers,
CUS_TEST_0566,311,458.33,1078,0.063,26, Day-Old ZARTECH Broilers (Cobb 500),
CUS_TEST_0567,358,102.68,1583,0.08,70, Bravecto Chew (4.5-10kg Dogs ,
CUS_TEST_0568,154,461.96,1243,0.049,41, Commercial Day-Old ZARTECH Broilers (Cobb 500),
CUS_TEST_0569,260,350.86,1194,0.041,67, CHI Broiler ,
CUS_TEST_0570,1,5,2,0.002,1, Chicken Egg Transfer Box (ARI Brand ,
CUS_TEST_0571,1,5,2,0.002,1, Chicken Egg Transfer Box (ARI Brand ,
CUS_TEST_0572,59,37.21,1849,0.01,51, GALVANIZED POULTRY FEEDERS,
CUS_TEST_0573,125,288.55,687,0.068,5, Vertex Broiler ,
CUS_TEST_0574,354,329.24,1368,0.082,13, Grafted Hybrid Wambugu Apple Seedling,
CUS_TEST_0575,273,113.28,1497,0.049,19, Ear Tag for Goat (Pack of 100) - Numbered Ear Tag,
CUS_TEST_0576,107,282.66,1372,0.126,12, Digital pH Meter (0.01pH Accuracy ,
CUS_TEST_0577,299,429.68,1494,0.128,48, Heteroclarias Spp Fingerlings/Post Fingerlings/Juveniles (Hybrid) -Special Maxi Brand -,
CUS_TEST_0578,245,419.18,1145,0.17,25, Imported Turkey Poults (Full Carton 30pcs ,
CUS_TEST_0579,336,464.4,208,0.148,57, Grafted Hybrid Wambugu Apple Seedling,
CUS_TEST_0580,247,189.28,1109,0.109,35, Amo Broiler ,
CUS_TEST_0581,8,165.84,1208,0.131,76, AMO Broilers (Commercial Arbor Acres Plus),
CUS_TEST_0582,141,377.22,1725,0.056,94, Amo Broiler ,
CUS_TEST_0583,362,221.25,140,0.119,5, Amo Broiler ,
CUS_TEST_0584,1,5,2,0.002,1, AMO Noilers (Day-Old Chicks),
CUS_TEST_0585,352,148.57,261,0.028,22, Commercial Day Old Marshall Broilers Chicks (Grinphield Brand),
CUS_TEST_0586,94,215.11,1021,0.049,77, AMO Noilers (Day-Old Chicks),
CUS_TEST_0587,321,153.33,497,0.059,57, Ivanor 1% – Powerful Antiparasitic Solution for Livestock and Companion Animals - 100ml,
CUS_TEST_0588,39,172.78,761,0.185,47, Platinum 701 F1 Tomato Seeds (East West Seed ,
CUS_TEST_0589,81,153.95,510,0.047,54, Amo Broiler ,
CUS_TEST_0590,187,30.33,1121,0.059,3, Day-Old ZARTECH Broilers (Cobb 500),
CUS_TEST_0591,84,322.18,843,0.075,53, Day Old amo Pullets (ISA Brown),
CUS_TEST_0592,88,302.67,1302,0.133,84, Agrited Broilers (Commercial Day-Old Ross 308),
CUS_TEST_0593,242,330.16,1023,0.025,31, Commercial Day-Old ZARTECH Broilers (Cobb 500),
CUS_TEST_0594,342,104.23,352,0.191,69, AMO Noilers (Commercial Dual-Purpose Day Old Chicks),
CUS_TEST_0595,93,154.87,951,0.173,88, Day-Old ZARTECH Broilers (Cobb 500),
CUS_TEST_0596,86,313.61,933,0.116,33, Day-Old Marshall Broilers (Grinphield),
CUS_TEST_0597,44,303.82,1571,0.135,72, Day-Old Marshall Broilers (Grinphield),
CUS_TEST_0598,137,258.1,1845,0.004,88, King Humus Plus (Organic Soil Conditioner and Growth Stimulant ,
CUS_TEST_0599,74,181.7,1485,0.068,50, Commercial Day-Old ZARTECH Broilers (Cobb 500),
CUS_TEST_0600,36,457.34,1540,0.159,84, Day-Old AMO Pullets (ISA Brown ,
CUS_TEST_0601,101,176.49,635,0.016,16, AMO Noilers (Day-Old Chicks),
CUS_TEST_0602,156,233.25,458,0.057,76, AMO Noilers (Day-Old Chicks),
CUS_TEST_0603,255,342.28,1322,0.117,77, AMO Noilers (Day-Old Chicks),
CUS_TEST_0604,171,276.08,1762,0.052,39, D.I. Grow Organic Foliar Liquid Fertilizer (1 Litre) - D.I. Grow - Green,
CUS_TEST_0605,216,179.97,1590,0.187,89, Commercial Day-Old Pullets (ISA Brown ,
CUS_TEST_0606,170,223.47,177,0.027,46, Handheld Debeaker (Electric ,
CUS_TEST_0607,252,399.3,1171,0.16,96, Quality Brooder Guard for Chicks (Plastic Board Model) - Brooding Guard,
CUS_TEST_0608,360,146.28,879,0.102,88, Day-Old Marshall Broilers (Grinphield),
CUS_TEST_0609,322,79.71,396,0.15,47, Day-Old ZARTECH Broilers (Cobb 500),
CUS_TEST_0610,55,163.45,879,0.063,44, Cage Plier ,
CUS_TEST_0611,91,426.27,1119,0.103,9, Digital Hanging Scale,
CUS_TEST_0612,278,53.6,842,0.172,87, Platinum 701 F1 Tomato Seeds (East West Seed ,
CUS_TEST_0613,101,495.93,1423,0.094,50, MasterChem Fertilizer (Soluble Potassium Nitrate ,
CUS_TEST_0614,155,275.09,204,0.073,77, Zartech Pullet ,
CUS_TEST_0615,349,492.57,1884,0.108,60, Tutaforce Insecticide ,
CUS_TEST_0616,364,470.11,617,0.144,96, Hybrid F1 Cobra 26 ,
CUS_TEST_0617,141,231.88,524,0.089,15, Poultry Management For First-Timers (E-Book),
CUS_TEST_0618,173,107.26,1002,0.188,36, The Secrets of Starting and Growing A successful Poultry Farm (341 Pages) - 2020 Edition,
CUS_TEST_0619,10,90.79,1167,0.06,63, Grain Moisture Meter,
CUS_TEST_0620,228,127.59,1164,0.096,69, Bag Closing Machine (Electric-Powered),
CUS_TEST_0621,265,357.96,1814,0.152,86, Egg Production Masterclass (Video Course ,
CUS_TEST_0622,248,143.75,1492,0.138,80, Potting Soil ,
CUS_TEST_0623,247,177.3,1768,0.173,41, Pumpkin Seeds (Ugu),
CUS_TEST_0624,155,229.9,1200,0.199,74, Agrited Broilers - One Carton,
CUS_TEST_0625,34,457.48,64,0.086,24, Valentine Broilers Commercial Day Old Chicks (Ross 308),
CUS_TEST_0626,129,102.8,1028,0.023,82, Agrited Broilers,
CUS_TEST_0627,160,12.46,1362,0.007,49, Fixed Amount (Store Credit) - ?1000,
CUS_TEST_0628,89,39.45,567,0.146,18, ISA Brown Commercial Pullets (Day-Old ,
CUS_TEST_0629,93,453.34,779,0.175,7, Day-Old ZARTECH Broilers (Cobb 500),
CUS_TEST_0630,327,327.28,1067,0.045,4, Agrited Broilers (Commercial Day-Old Ross 308),
CUS_TEST_0631,241,143.79,403,0.033,90, Commercial Day-Old CHI Pullets (ISA Brown),
CUS_TEST_0632,323,96.82,586,0.013,69, Commercial Day-Old ZARTECH Broilers (Cobb 500),
CUS_TEST_0633,117,154.19,1481,0.165,60, Commercial Day-Old ZARTECH Broilers (Cobb 500),
CUS_TEST_0634,94,66.25,1781,0.063,55, Day-Old Pullets (Zartech),
CUS_TEST_0635,163,471.35,262,0.081,16, Day Old AMO Broilers (Commercial Arbor Acres Plus),
CUS_TEST_0636,99,394.26,734,0.101,99, Agrited Broilers (Commercial Day-Old Ross 308),
CUS_TEST_0637,113,236.57,592,0.168,90, SAYED Broilers (Day-Old Chicks),
CUS_TEST_0638,359,433.83,968,0.131,82, Agrited Broilers,
CUS_TEST_0639,91,132.23,916,0.123,29, Agrited Broilers,
CUS_TEST_0640,346,361.39,755,0.036,23, Foreign Turkey Poults - 30Pcs Per Carton (Full Carton ,
CUS_TEST_0641,206,429.5,1716,0.103,14, Commercial Day-Old ZARTECH Broilers (Cobb 500),
CUS_TEST_0642,17,184.82,1493,0.143,79, AMO Day-Old Broilers (Commercial Arbor Acres Plus),
CUS_TEST_0643,274,381.16,1555,0.195,49, Foreign Turkey Poults - 30Pcs Per Carton (Full Carton ,
CUS_TEST_0644,173,154.59,1328,0.041,33, Foreign Turkey Poults - 30Pcs Per Carton (Full Carton ,
CUS_TEST_0645,116,156.44,1903,0.003,25, Day-Old AMO Pullets (ISA Brown ,
CUS_TEST_0646,349,62.46,105,0.016,21, AMO Noilers (Day-Old Chicks),
CUS_TEST_0647,181,225.63,468,0.076,17, Commercial SAYED Broilers (Day-Old Chicks),
CUS_TEST_0648,91,367.56,1785,0.164,23, AMO Broiler Chicks ,
CUS_TEST_0649,82,470.71,1913,0.002,57, Day-Old ZARTECH Broilers (Cobb 500) - One Carton,
CUS_TEST_0650,324,305.86,728,0.092,81, Nigerian Turkey Poults - 40Pcs Per Carton (Full Carton ,
CUS_TEST_0651,114,432.94,1342,0.067,58, Poultry Feeders ,
CUS_TEST_0652,257,413.02,944,0.011,14, Nursery Bags (50 pcs per bundle for Grow Bags ,
CUS_TEST_0653,1,5,2,0.002,1, NPK Fertilizer (NPK [S] 15-15-15 [10.2] ,
CUS_TEST_0654,154,248.05,920,0.052,20, Foreign Turkey Poults - 30Pcs Per Carton (Full Carton ,
CUS_TEST_0655,116,67.29,721,0.071,30, Day Old Broilers (CASCADA Arbor Acres Broiler),
CUS_TEST_0656,343,344.26,282,0.141,19, AMO Day-Old Broilers (Commercial Arbor Acres Plus),
CUS_TEST_0657,266,475.45,1179,0.105,53, AMO Noilers (Day-Old Chicks),
CUS_TEST_0658,315,77.17,1230,0.026,56, Bronze Level Membership,
CUS_TEST_0659,203,369.6,1090,0.192,77, Supergene seedling (Malaysian Dwarf Oilpalm),
CUS_TEST_0660,41,319.8,439,0.128,82, Day-Old ZARTECH Broilers (Cobb 500),
CUS_TEST_0661,105,295.97,1664,0.153,23, AMO Noilers (Day-Old Chicks),
CUS_TEST_0662,193,201.16,1663,0.017,62, Vertex Broiler ,
CUS_TEST_0663,278,184.01,156,0.01,33, Day-Old Pullets (Zartech),
CUS_TEST_0664,354,32.17,1536,0.005,18, Commercial Day Old Marshall Broilers Chicks (Grinphield Brand),
CUS_TEST_0665,237,116.78,1221,0.039,73, Cassava Stem Cuttings (35 Stems/Bundle),
CUS_TEST_0666,221,17.44,621,0.083,33, Agrited Broilers - One Carton,
CUS_TEST_0667,68,294.89,323,0.187,32, 1056 Eggs Capacity Incubators (Electric Powered-500W),
CUS_TEST_0668,197,61.87,1898,0.092,61, Manual Feed Pelleting Machine - Size 32 (Hand-Operated ,
CUS_TEST_0669,256,437.78,1691,0.059,54, Quality Point-of-Lay Hens (ISA Brown) - 14 Weeks,
CUS_TEST_0670,139,266.34,1396,0.113,17, Rabbit Nipple Drinker (100),
CUS_TEST_0671,312,352.85,1049,0.023,19, Commercial Day-Old ZARTECH Broilers (Cobb 500),
CUS_TEST_0672,1,5,2,0.002,1, Day-Old ZARTECH Broilers (Cobb 500),
CUS_TEST_0673,99,284.68,691,0.114,70, Lantern Gas Brooder,
CUS_TEST_0674,76,471.9,557,0.159,99, Day-Old Marshall Broilers (Grinphield),
CUS_TEST_0675,282,50.54,569,0.197,34, Commercial Day-Old Pullets (ISA Brown ,
CUS_TEST_0676,109,134.43,448,0.051,84, Commercial Day-Old ZARTECH Broilers (Cobb 500),
CUS_TEST_0677,188,392.19,473,0.102,25, Day-Old ZARTECH Broilers (Cobb 500),
CUS_TEST_0678,199,58.38,714,0.182,68, Gas Brooder with Infrared Functions(1000 ,
CUS_TEST_0679,303,47.07,1611,0.157,74, Agrited Broiler ,
CUS_TEST_0680,327,187.16,869,0.098,74, Commercial Day-Old Pullets (ISA Brown) - Amo Brand,
CUS_TEST_0681,154,55.16,265,0.189,88, Agrited Pullet ,
CUS_TEST_0682,40,296.69,1492,0.012,85, Commercial SAYED Broilers (Day-Old Chicks),
CUS_TEST_0683,133,120.87,243,0.186,11, The Master Turkey Manual: Raising Turkeys Day Old to Maturity (2021 Edition) 73 Pages,
CUS_TEST_0684,1,5,2,0.002,1, Commercial Day-Old Arbor Acres Plus (FIDAN Broilers),
CUS_TEST_0685,279,393.92,823,0.11,16, Amo Broiler ,
CUS_TEST_0686,362,352.86,1797,0.178,90, Commercial SAYED Broilers (Day-Old Chicks),
CUS_TEST_0687,84,312.3,114,0.053,61, Your Complete Guide to Organic Poultry Farming (72 PAGES ,
CUS_TEST_0688,242,433.1,1974,0.095,94, Egg Incubator ,
CUS_TEST_0689,116,119.3,1542,0.066,80, Day Old CHI Arbor Acre Broilers - Carton of 50 Chicks,
CUS_TEST_0690,109,437.82,94,0.19,7, Agrited Broilers,
CUS_TEST_0691,221,396.85,1699,0.165,16, Your Complete Guide to Organic Poultry Farming (72 PAGES ,
CUS_TEST_0692,41,376.6,692,0.142,99, Gas Brooder with Infrared Functions(1000 ,
CUS_TEST_0693,147,285.02,656,0.118,16, Grass Shredder (600 - 800 kg/hr.),
CUS_TEST_0694,112,130.66,93,0.164,40, Commercial Day Old Marshall Broilers Chicks (Grinphield Brand),
CUS_TEST_0695,103,217.54,1396,0.079,12, Agrited Ross 308 Broilers (Commercial Day-old Chicks),
CUS_TEST_0696,46,398.85,968,0.09,35, Vertex Broiler ,
CUS_TEST_0697,324,25.57,1928,0.146,21, Multifunction pH Tester ,
CUS_TEST_0698,271,393.2,948,0.072,50, Agrited Broiler ,
CUS_TEST_0699,195,127.63,1405,0.014,43, Commercial Day-Old ZARTECH Broilers (Cobb 500) - Half Carton,
CUS_TEST_0700,280,80.71,1211,0.016,17, Agrited Broilers - Half Carton,
CUS_TEST_0701,283,66.69,1642,0.024,32, Day-Old ZARTECH Broilers (Cobb 500) - Half Carton,
CUS_TEST_0702,40,23.35,520,0.174,41, Multifunction pH Tester ,
CUS_TEST_0703,189,266.56,1711,0.095,6, AMO Noilers (Commercial Dual-Purpose Day Old Chicks),
CUS_TEST_0704,164,116.95,1908,0.143,88, Commercial SAYED Broilers (Day-Old Chicks),
CUS_TEST_0705,24,494.82,1516,0.079,27, Agrited Broilers,
CUS_TEST_0706,24,291.47,1278,0.052,20, Day Old Yammfy Broilers (Commercial Arbor Acres),
CUS_TEST_0707,4,77.56,1970,0.07,25, Commercial Day-Old Kuroiler Chicks (Grinphield Brand),
CUS_TEST_0708,323,347.49,342,0.159,66, Day Old amo Pullets (ISA Brown),
CUS_TEST_0709,290,449.89,644,0.125,9, CHI Pullet ,
CUS_TEST_0710,1,5,2,0.002,1, Farm Support Broilers (Commercial Day-Old Arbor Acres Plus),
CUS_TEST_0711,248,47.46,1912,0.136,53, Super Gro Liquid Organic Fertilizer - 1L to 5L ,
CUS_TEST_0712,116,448.98,842,0.114,61, Diaziprim 48%S (Antimicrobial Drug ,
CUS_TEST_0713,279,399.03,969,0.122,38, Super Gro Liquid Organic Fertilizer - 1L to 5L ,
CUS_TEST_0714,69,87.57,1519,0.189,3, Hot Cayenne Pepper ,
CUS_TEST_0715,351,35.38,1141,0.158,84, Diammonium Phosphate Fertilizer (DAP) ,
CUS_TEST_0716,254,283.08,1936,0.006,70, Supergene seedling (Malaysian Dwarf Oilpalm),
CUS_TEST_0717,1,5,2,0.002,1, Pig Nipple Drinker (5 Pieces),
CUS_TEST_0718,318,418.95,709,0.138,55, Broiler Farm Business Plan (2000 Birds ,
CUS_TEST_0719,1,5,2,0.002,1, Day-Old FIDAN Broilers (Arbor Acres Plus),
CUS_TEST_0720,313,457.32,711,0.043,70, Day-Old Marshall Broilers (Grinphield),
CUS_TEST_0721,249,287.19,1188,0.174,45, Day-Old Marshall Broilers (Grinphield),
CUS_TEST_0722,1,5,2,0.002,1, Vertex Broiler ,
CUS_TEST_0723,54,78.4,1485,0.048,47, Treated Dwarf Hybrid Banana Suckers,
CUS_TEST_0724,326,292.47,369,0.177,79, AMO Broilers (Commercial Arbor Acres Plus),
CUS_TEST_0725,357,383.32,376,0.02,26, AMO Broilers (Commercial Arbor Acres Plus),
CUS_TEST_0726,313,392.94,675,0.012,14, AMO Broilers (Commercial Arbor Acres Plus),
CUS_TEST_0727,138,145.12,1400,0.027,54, Farm Support Broilers (Commercial Day-Old Arbor Acres Plus),
CUS_TEST_0728,168,110.08,678,0.012,71, Farm Support Broilers (Commercial Day-Old Arbor Acres Plus),
CUS_TEST_0729,103,18.21,274,0.169,46, Agrited Broilers - One Carton,
CUS_TEST_0730,85,342.81,138,0.013,31, Agrited Broilers (Commercial Day-Old Ross 308),
CUS_TEST_0731,317,47.52,1878,0.055,88, AMO Noilers (Day-Old Chicks),
CUS_TEST_0732,212,216.17,1852,0.022,59, Agrited Broilers (Commercial Day-Old Ross 308),
CUS_TEST_0733,1,5,2,0.002,1, Agrited Broilers,
CUS_TEST_0734,179,469.18,1143,0.019,29, AMO Noilers (Day-Old Chicks),
CUS_TEST_0735,342,162.78,325,0.134,96, Commercial Day-Old Kuroiler Chicks (Grinphield Brand),
CUS_TEST_0736,303,132.39,141,0.028,17, AMO Noilers (Day-Old Chicks),
CUS_TEST_0737,332,330.54,1866,0.171,14, AMO Noilers (Commercial Dual-Purpose Day Old Chicks),
CUS_TEST_0738,38,313.43,1642,0.164,36, Agrited Broilers (Commercial Day-Old Ross 308),
CUS_TEST_0739,239,172.73,1230,0.004,58, Day-Old Marshall Broilers (Grinphield),
CUS_TEST_0740,169,464.77,372,0.179,24, Fidan Broiler ,
CUS_TEST_0741,343,423.98,1713,0.007,63, Agrited Broilers,
CUS_TEST_0742,1,5,2,0.002,1, AMO Noilers (Day-Old Chicks),
CUS_TEST_0743,306,127.18,1811,0.007,25, Farm Support Broilers (Commercial Day-Old Arbor Acres Plus),
CUS_TEST_0744,30,261.03,658,0.068,59, AMO Noilers (Day-Old Chicks),
CUS_TEST_0745,190,389.05,1657,0.103,32, High Pressure Poultry Pen Fogger (Sprinkler System) - One way fogger,
CUS_TEST_0746,357,31.58,1454,0.16,82, Ear Tag for Large Livestock (Pack of 100) - Numbered Ear Tag,
CUS_TEST_0747,25,349.73,57,0.068,18, Vigorlite ,
CUS_TEST_0748,112,327.64,966,0.141,37, Starter Feed ,
CUS_TEST_0749,206,123.43,1590,0.038,26, Broiler Prestarter Feed (Hendrix Brand ,
CUS_TEST_0750,185,343.86,87,0.15,9, Finisher Feed ,
CUS_TEST_0751,47,470.69,1551,0.048,99, Vertex Broiler ,
CUS_TEST_0752,228,32.93,326,0.03,64, Electric Scalding Machine ,
CUS_TEST_0753,39,166.63,163,0.038,72, Table-Top Electronic Scale (Maximum 40kg ,
CUS_TEST_0754,16,224.71,1384,0.037,20, Poultry Plucker Fingers (High Quality Rubber Material),
CUS_TEST_0755,22,450.64,278,0.103,54, Amo Broiler ,
CUS_TEST_0756,213,481.51,1050,0.169,86, Yammfy Day-Old Cockerel Chicks,
CUS_TEST_0757,310,227.62,579,0.017,83, TopFeed Omega Fish Feed (Floating Feed Pellets for Tilapia ,
CUS_TEST_0758,149,377.51,931,0.142,30, Vertex Broiler ,
CUS_TEST_0759,241,270.51,1994,0.131,53, Day-Old Marshall Broilers (Grinphield),
CUS_TEST_0760,1,5,2,0.002,1, AMO Noilers (Day-Old Chicks),
CUS_TEST_0761,59,146.27,1707,0.05,99, Commercial Day-Old ZARTECH Broilers (Cobb 500),
CUS_TEST_0762,287,116.31,863,0.091,63, Grinphield Day-Old Marshall Broilers,
CUS_TEST_0763,202,151.12,1221,0.185,11, Agrited Ross 308 Broilers (Commercial Day-old Chicks),
CUS_TEST_0764,32,282.6,800,0.132,31, Agrited Ross 308 Broilers (Commercial Day-old Chicks),
CUS_TEST_0765,162,24.29,1556,0.078,49, Agrited Ross 308 Broilers (Commercial Day-old Chicks),
CUS_TEST_0766,255,454.55,1938,0.027,94, Agrited Ross 308 Broilers (Commercial Day-old Chicks),
CUS_TEST_0767,254,86.58,1408,0.053,87, Agrited Broilers (Commercial Day-Old Ross 308),
CUS_TEST_0768,9,117.84,1278,0.117,19, Agrited Broilers (Commercial Day-Old Ross 308),
CUS_TEST_0769,139,263.96,1717,0.144,12, AMO Noilers (Day-Old Chicks),
CUS_TEST_0770,10,357.96,1584,0.026,15, Killing Cones (12 Birds Capacity),
CUS_TEST_0771,214,56.91,175,0.12,31, Commercial Day-Old ZARTECH Broilers (Cobb 500),
CUS_TEST_0772,273,165.67,1294,0.111,43, Commercial Day-Old ZARTECH Broilers (Cobb 500),
CUS_TEST_0773,324,484.65,1937,0.103,37, Day-Old ZARTECH Broilers (Cobb 500),
CUS_TEST_0774,48,138.55,922,0.138,79, Day-Old ZARTECH Broilers (Cobb 500),
CUS_TEST_0775,111,163.39,373,0.168,29, Day-Old ZARTECH Broilers (Cobb 500),
CUS_TEST_0776,153,419.88,1802,0.065,26, Boostract (Bio-Stimulant Seaweed Extract ),
CUS_TEST_0777,123,34.61,1088,0.178,2, AMO Noilers (Day-Old Chicks),
CUS_TEST_0778,357,237.66,731,0.033,84, AMO Noilers (Day-Old Chicks),
CUS_TEST_0779,102,196.01,30,0.035,15, AMO Noilers (Day-Old Chicks),
CUS_TEST_0780,241,165.13,182,0.054,4, Rabbit Nipple Drinker (100),
CUS_TEST_0781,321,149.99,458,0.025,86, Farm Support Broilers (Commercial Day-Old Arbor Acres Plus),
CUS_TEST_0782,191,54.77,1998,0.047,50, AMO Broilers (Commercial Arbor Acres Plus),
CUS_TEST_0783,217,164.26,537,0.022,38, Rabbit Nipple Drinker (100),
CUS_TEST_0784,51,31.1,1179,0.165,23, Vertex Broiler ,
CUS_TEST_0785,292,392.67,520,0.029,59, Amo Broiler ,
CUS_TEST_0786,81,205.13,1535,0.15,90, Amo Broiler ,
CUS_TEST_0787,88,227.51,374,0.011,75, AMO Broilers (Commercial Arbor Acres Plus),
CUS_TEST_0788,194,447.86,1965,0.19,28, Amo Broiler ,
CUS_TEST_0789,104,332.45,1791,0.143,66, Amo Broiler ,
CUS_TEST_0790,271,13.95,250,0.002,8, five-TETRAVIT EGGS ,
CUS_TEST_0791,96,472.16,1968,0.153,29, five-TETRAVIT EGGS ,
CUS_TEST_0792,198,126.2,1972,0.103,11, NEEM OIL ,
CUS_TEST_0793,1,62.73,752,0.156,18, CHI Pullet ,
CUS_TEST_0794,167,386.38,1078,0.105,55, AMO Broilers (Commercial Arbor Acres Plus),
CUS_TEST_0795,126,255.23,557,0.129,50, Day-Old ISA Brown Pullets (CHI Brand),
CUS_TEST_0796,313,222.55,1235,0.157,14, Chick Feed (Mash ,
CUS_TEST_0797,81,132.26,1552,0.082,74, AMO Broilers (Commercial Arbor Acres Plus),
CUS_TEST_0798,251,278.26,870,0.002,99, Water line cleaner,
CUS_TEST_0799,169,144.45,1694,0.17,9, Commercial Day-Old ZARTECH Broilers (Cobb 500),
CUS_TEST_0800,73,451.78,1095,0.077,99, AMO Noilers (Day-Old Chicks),
CUS_TEST_0801,141,115.45,1968,0.1,11, Gas Brooder with Infrared Functions (1000 and 2000 Chicks Capacity) - 2000 birds,
CUS_TEST_0802,70,443.33,510,0.003,63, AMO Broilers (Commercial Arbor Acres Plus),
CUS_TEST_0803,262,284.11,959,0.099,76, Vertex Broiler ,
CUS_TEST_0804,340,415.96,1901,0.197,67, Grower Pig Feed (25kg ,
CUS_TEST_0805,308,359.29,1801,0.056,53, Commercial Hyla Rabbits (Broiler Rabbit Breed ,
CUS_TEST_0806,245,351.38,901,0.08,39, Commercial Hyla Rabbits (Broiler Rabbit Breed ,
CUS_TEST_0807,3,168.93,1492,0.138,78, Sow Feed (25kg ,
CUS_TEST_0808,337,124.61,1455,0.163,56, Sow Feed (25kg ,
CUS_TEST_0809,63,113.33,1599,0.084,28, Numbered Ear Tag (For Cattle,
CUS_TEST_0810,49,430.02,374,0.063,75, Commercial Day Old Marshall Broilers Chicks (Grinphield Brand),
CUS_TEST_0811,76,412.01,1946,0.188,39, Agrited Broilers,
CUS_TEST_0812,175,225.88,74,0.136,25, Zartech Pullets (Commercial Day-Old ISA Brown),
CUS_TEST_0813,109,74.88,1699,0.025,21, AMO Broiler Chicks ,
CUS_TEST_0814,183,197.3,50,0.015,10, AMO Broiler Chicks ,
CUS_TEST_0815,192,313.48,1687,0.097,43, Day-Old Marshall Broilers (Grinphield),
CUS_TEST_0816,65,232.66,1123,0.045,15, Agrited Broilers,
CUS_TEST_0817,337,392.29,1917,0.052,83, Farm Support Broilers (Commercial Day-Old Arbor Acres Plus),
CUS_TEST_0818,271,498.84,902,0.176,48, AMO Noilers (Day-Old Chicks),
CUS_TEST_0819,100,103.65,77,0.019,86, SAYED Broilers (Day-Old Chicks),
CUS_TEST_0820,32,235.23,1544,0.143,21, Agrited Broilers,
CUS_TEST_0821,352,221.18,580,0.055,60, Agrited Broilers,
CUS_TEST_0822,128,159.2,316,0.152,96, Agrited Broiler ,
CUS_TEST_0823,339,107.07,1031,0.145,50, Electric Hand Debeaker (220V/150W),
CUS_TEST_0824,43,42.19,1063,0.002,23, Imported Turkey Poults (Full Carton 30pcs ,
CUS_TEST_0825,78,444.69,571,0.102,13, Washed and Buffered Cocopeat ,
CUS_TEST_0826,314,215.73,785,0.029,69, PPS Aqua-Guard (30 Tablets ,
CUS_TEST_0827,289,253.48,303,0.173,4, Day-Old ZARTECH Broilers (Cobb 500),
CUS_TEST_0828,1,5,2,0.002,1, Commercial Day-Old ZARTECH Broilers (Cobb 500),
CUS_TEST_0829,162,390.38,629,0.084,78, Rubber Grommet + PVC Connector (100Pcs/Pack Each),
CUS_TEST_0830,189,73.95,1809,0.089,72, Agrited Ross 308 Broilers (Commercial Day-old Chicks),
CUS_TEST_0831,247,287.06,410,0.061,9, Isochlor (Animal Care Brand ,
CUS_TEST_0832,216,226.7,1382,0.144,35, Watermelon Kaolack 500g ,
CUS_TEST_0833,315,400.63,508,0.072,21, Farm Support Broilers (Commercial Day-Old Arbor Acres Plus),
CUS_TEST_0834,339,364.87,44,0.054,58, Agrited Broiler ,
CUS_TEST_0835,168,348.3,545,0.087,18, Isochlor (Animal Care Brand ,
CUS_TEST_0836,1,5,2,0.002,1, Furadan ,
CUS_TEST_0837,193,404.43,1221,0.15,72, Day-Old CHI Broilers ,
CUS_TEST_0838,283,35.67,1574,0.004,81, Commercial Day-Old Kuroiler Chicks (Grinphield Brand),
CUS_TEST_0839,336,88.22,650,0.129,43, Agrited Broiler ,
CUS_TEST_0840,1,5,2,0.002,1, Agrited Ross 308 Broilers (Commercial Day-old Chicks),
CUS_TEST_0841,1,5,2,0.002,1, Pig Nipple Drinker (5 Pieces),
CUS_TEST_0842,320,125.15,1441,0.127,6, Agrited Broilers,
CUS_TEST_0843,147,416.77,1262,0.199,86, Aquafeed Production,
CUS_TEST_0844,204,474.64,301,0.156,78, Agrited Broilers,
CUS_TEST_0845,80,159.26,172,0.046,67, Seed Trays (Plastic Nursery Sprouter Tray) - 200 Holes,
CUS_TEST_0846,43,139.61,1664,0.036,12, Agrited Broilers - One Carton,
CUS_TEST_0847,89,147.15,1942,0.173,12, Agrited Broilers - One Carton,
CUS_TEST_0848,148,146.08,1873,0.089,66, Agrited Broilers - One Carton,
CUS_TEST_0849,95,27.61,1122,0.028,2, Agrited Broilers - One Carton,
CUS_TEST_0850,151,464.19,276,0.173,15, Agrited Broilers - Half Carton,
CUS_TEST_0851,2,114.71,1314,0.163,23, Oil Palm Harvester (2 Stroke Engines ,
CUS_TEST_0852,22,215.8,817,0.197,29, Poultry Drinking Water Line Pipe Cleaning Tool,
CUS_TEST_0853,313,14.75,108,0.182,81, Platinum F1 Tomato Seed (East West Seed ,
CUS_TEST_0854,328,430.4,1711,0.171,96, Farm Management Book (Livestock and Crop Farms ,
CUS_TEST_0855,7,368.27,652,0.011,7, Day Old White Cockerel,
CUS_TEST_0856,206,473.91,1823,0.022,94, NPK 20:20:20 Agrovert Fertilizer (Foliar),
CUS_TEST_0857,114,392.99,1658,0.114,28, Seed Trays (Plastic Nursery Sprouter Tray) - 200 Holes,
CUS_TEST_0858,272,163.72,554,0.107,14, Catfish Fingerlings,
CUS_TEST_0859,83,131.46,801,0.092,44, Farm Support Broilers (Commercial Day-Old Arbor Acres Plus),
CUS_TEST_0860,179,351.88,967,0.08,30, Washed and Buffered Cocopeat ,
CUS_TEST_0861,210,188.42,1674,0.087,81, Fisodine (500mL ,
CUS_TEST_0862,328,287.45,1383,0.114,32, Platinum 701 F1 Tomato Seeds (East West Seed ,
CUS_TEST_0863,124,13.07,1242,0.001,70, Amo Broiler ,
CUS_TEST_0864,113,40.32,1148,0.053,88, Yammfy Day-Old Cockerel Chicks,
CUS_TEST_0865,12,272.33,646,0.104,6, Day Old AMO Broilers (Commercial Arbor Acres Plus),
CUS_TEST_0866,126,287.38,1061,0.145,27, Silver Level Membership,
CUS_TEST_0867,53,378.21,96,0.036,82, Amo Broiler ,
CUS_TEST_0868,331,74.66,1549,0.11,88, Amo Broiler ,
CUS_TEST_0869,283,261.46,220,0.143,24, Amo Broiler ,
CUS_TEST_0870,140,105.28,1419,0.089,34, Amo Broiler ,
CUS_TEST_0871,97,55.67,797,0.006,40, Amo Broiler ,
CUS_TEST_0872,5,211.14,550,0.09,47, Amo Broiler ,
CUS_TEST_0873,57,90.03,1019,0.06,79, Amo Broiler ,
CUS_TEST_0874,334,118.67,1170,0.186,75, 1000 Layers Business Plan (2022 Edition),
CUS_TEST_0875,69,165.6,296,0.026,86, Amo Broiler ,
CUS_TEST_0876,118,137.1,1664,0.131,24, AMO Noilers (Commercial Dual-Purpose Day Old Chicks),
CUS_TEST_0877,59,52.92,514,0.011,65, Electric Debeaker for Poultry ,
CUS_TEST_0878,33,54.06,1562,0.09,18, Day-Old AMO Pullets (ISA Brown ,
CUS_TEST_0879,318,104.69,1351,0.111,44, AMO Broilers (Commercial Arbor Acres Plus),
CUS_TEST_0880,50,34.77,1962,0.06,76, Amo Broiler ,
CUS_TEST_0881,19,316.96,1217,0.092,57, Day Old AMO Broilers (Commercial Arbor Acres Plus),
CUS_TEST_0882,214,150.79,405,0.034,28, Commercial Day-Old Pullets (ISA Brown) - Amo Brand,
CUS_TEST_0883,197,147.08,682,0.062,71, Commercial Day-Old Pullets (ISA Brown) - Amo Brand,
CUS_TEST_0884,47,172.68,1321,0.125,23, AMO Noilers (Day-Old Chicks),
CUS_TEST_0885,167,334.77,578,0.061,85, AMO Noilers (Day-Old Chicks),
CUS_TEST_0886,289,436.61,1127,0.18,34, AMO Noilers (Day-Old Chicks),
CUS_TEST_0887,141,381.95,1561,0.126,11, AMO Noilers (Day-Old Chicks),
CUS_TEST_0888,84,366.49,102,0.088,86, AMO Noilers (Day-Old Chicks),
CUS_TEST_0889,182,247.35,337,0.009,35, AMO Noilers (Day-Old Chicks),
CUS_TEST_0890,1,5,2,0.002,1, Amo Broiler ,
CUS_TEST_0891,215,280.85,1183,0.153,42, AMO Noilers (Commercial Dual-Purpose Day Old Chicks),
CUS_TEST_0892,14,115.96,1811,0.054,28, AMO Noilers (Day-Old Chicks),
CUS_TEST_0893,215,112.21,1877,0.162,82, AMO Noilers (Commercial Dual-Purpose Day Old Chicks),
CUS_TEST_0894,128,155.23,601,0.051,78, Amo Broiler ,
CUS_TEST_0895,310,456.29,820,0.165,82, Day Old Broilers (CASCADA Arbor Acres Broiler),
CUS_TEST_0896,1,5,2,0.002,1, AMO Noilers (Day-Old Chicks),
CUS_TEST_0897,29,369.61,1861,0.173,24, Commercial Day Old Marshall Broilers Chicks (Grinphield Brand),
CUS_TEST_0898,280,179.81,1885,0.1,8, Day Old CHI Arbor Acre Broilers - Carton of 50 Chicks,
CUS_TEST_0899,338,209.78,1540,0.06,53, Vertex Broiler ,
CUS_TEST_0900,319,71.53,1906,0.054,72, Agrited Broilers (Commercial Day-Old Ross 308),
CUS_TEST_0901,202,93.93,1204,0.087,4, Day-Old ZARTECH Broilers (Cobb 500),
CUS_TEST_0902,1,5,2,0.002,1, Day-Old ZARTECH Broilers (Cobb 500) - One Carton,
CUS_TEST_0903,57,296.57,1259,0.045,5, Commercial Day Old Arbor Acres Plus Broilers Chicks (Grinphield Brand),
CUS_TEST_0904,1,5,2,0.002,1, The Master Turkey Manual: Raising Turkeys Day Old to Maturity (2021 Edition) 73 Pages,
CUS_TEST_0905,62,403.4,226,0.117,49, Commercial Day-Old Pullets (ISA Brown) - Amo Brand,
CUS_TEST_0906,1,5,2,0.002,1, Commercial Day-Old Pullets (ISA Brown) - Amo Brand,
CUS_TEST_0907,202,488.26,118,0.105,30, Commercial Day-Old Pullets (ISA Brown) - Amo Brand,
CUS_TEST_0908,17,178.96,828,0.134,72, Commercial Day-Old Pullets (ISA Brown) - Amo Brand,
CUS_TEST_0909,322,175.28,1487,0.054,63, Day-Old AMO Pullets (ISA Brown ,
CUS_TEST_0910,6,162.84,817,0.182,47, Bronze Level Membership,
CUS_TEST_0911,58,69.83,777,0.088,26, Brush Cutter (Gasoline Engine) - Chinese Model,
CUS_TEST_0912,325,64.46,1236,0.027,57, Nuzaka F1 Cabbage Seeds (East West Seed Brand ,
CUS_TEST_0913,318,327.57,238,0.149,37, Mantis Tiller (Power Cultivator ,
CUS_TEST_0914,1,5,2,0.002,1, Commercial SAYED Broilers (Day-Old Chicks),
CUS_TEST_0915,82,397.36,1183,0.064,7, Commercial SAYED Broilers (Day-Old Chicks),
CUS_TEST_0916,219,79.14,694,0.125,40, Super Gro Liquid Organic Fertilizer - 1L to 5L ,
CUS_TEST_0917,1,5,2,0.002,1, Kitchen Digital Weight Scale ,
CUS_TEST_0918,204,61.74,1687,0.09,39, Agrited Broilers,
CUS_TEST_0919,71,32.19,900,0.18,62, Agrited Broiler ,
CUS_TEST_0920,1,5,2,0.002,1, Comprehensive Online Training On Poultry Farming (3 Days Zoom Webinar ,
CUS_TEST_0921,98,272.22,1159,0.078,78, Pig Nipple Drinker (5 Pieces),
CUS_TEST_0922,345,50.19,1428,0.164,53, Pepper + Nursery Tray (Combo,
CUS_TEST_0923,291,27.12,1635,0.194,4, Seed Co Maize Hybrid Seeds,
CUS_TEST_0924,208,494.98,1760,0.091,82, Agrited Broilers,
CUS_TEST_0925,2,24.71,727,0.102,25, Vaccination Program-The Complete Guide For Different Breeds of Poultry (E-Book),
CUS_TEST_0926,124,227.82,1152,0.115,7, The Master Turkey Manual: Raising Turkeys Day Old to Maturity (2021 Edition) 73 Pages,
CUS_TEST_0927,280,257.26,623,0.187,28, Your Complete Guide to Organic Poultry Farming (72 PAGES ,
CUS_TEST_0928,74,67.47,1640,0.172,69, Large Cassava Peeler ,
CUS_TEST_0929,166,92.84,915,0.035,67, AMO Noilers (Day-Old Chicks),
CUS_TEST_0930,1,5,2,0.002,1, AMO Noilers (Day-Old Chicks),
CUS_TEST_0931,154,383.22,1245,0.093,20, AMO Noilers (Day-Old Chicks),
CUS_TEST_0932,295,258.47,354,0.158,83, AMO Noilers (Day-Old Chicks),
CUS_TEST_0933,219,322.57,1008,0.121,11, AMO Noilers (Day-Old Chicks),
CUS_TEST_0934,157,492.74,1779,0.131,67, AMO Noilers (Day-Old Chicks),
CUS_TEST_0935,230,386.32,1880,0.2,87, AMO Noilers (Day-Old Chicks),
CUS_TEST_0936,20,222.84,985,0.016,7, AMO Noilers (Day-Old Chicks),
CUS_TEST_0937,41,228.76,1520,0.045,23, Grinphield Day-Old Marshall Broilers,
CUS_TEST_0938,148,313.2,923,0.082,61, AMO Noilers (Commercial Dual-Purpose Day Old Chicks),
CUS_TEST_0939,108,336.03,1420,0.07,71, Day-Old ZARTECH Broilers (Cobb 500),
CUS_TEST_0940,84,255.35,1371,0.005,34, AMO Noilers (Day-Old Chicks),
CUS_TEST_0941,322,325.98,173,0.019,19, Day-Old ZARTECH Broilers (Cobb 500),
CUS_TEST_0942,309,21.53,413,0.137,58, Flip-Top Feeders - Brooder Birds,
CUS_TEST_0943,290,220.52,245,0.176,9, AMO Noilers (Day-Old Chicks),
CUS_TEST_0944,323,146.68,1414,0.103,48, Day-Old ZARTECH Broilers (Cobb 500),
CUS_TEST_0945,134,73.3,353,0.108,82, Day-Old ZARTECH Broilers (Cobb 500),
CUS_TEST_0946,207,58.78,1068,0.052,41, Day-Old ZARTECH Broilers (Cobb 500),
CUS_TEST_0947,283,305.56,246,0.154,48, Day-Old ZARTECH Broilers (Cobb 500),
CUS_TEST_0948,266,266.56,1545,0.151,45, AMO Noilers (Commercial Dual-Purpose Day Old Chicks),
CUS_TEST_0949,73,134.26,980,0.118,25, Nipple Drinker with Clip ,
CUS_TEST_0950,352,240.77,1600,0.043,78, Day Old Broilers (CASCADA Arbor Acres Broiler),
CUS_TEST_0951,48,251.19,212,0.02,25, Day Old CHI Arbor Acre Broilers - Carton of 50 Chicks,
CUS_TEST_0952,326,105.55,299,0.014,19, Commercial Day-Old Arbor Acres Plus (FIDAN Broilers),
CUS_TEST_0953,233,329.53,974,0.119,39, Commercial SAYED Broilers (Day-Old Chicks),
CUS_TEST_0954,100,392.65,1520,0.165,79, Commercial SAYED Broilers (Day-Old Chicks),
CUS_TEST_0955,59,397.82,899,0.172,80, Commercial Day-Old ZARTECH Broilers (Cobb 500),
CUS_TEST_0956,258,305.21,1665,0.093,27, Premier Seeds Maize ,
CUS_TEST_0957,65,260.7,1572,0.157,74, Day-Old ZARTECH Broilers (Cobb 500),
CUS_TEST_0958,83,39.89,1595,0.189,63, Day-Old ZARTECH Broilers (Cobb 500),
CUS_TEST_0959,154,151.04,496,0.056,68, Indian Type Bell Drinker (For Poultry ,
CUS_TEST_0960,266,55.7,334,0.08,19, Rubber Boots (Rain Boots ,
CUS_TEST_0961,309,482.27,1197,0.186,28, Indian Type Bell Drinker (For Poultry ,
CUS_TEST_0962,79,76.19,140,0.068,85, Local Poultry Drinkers ,
CUS_TEST_0963,315,84.37,1043,0.183,78, Bag Closing Machine (Electric-Powered) - Rechargeable,
CUS_TEST_0964,150,445.89,261,0.196,33, Hybrid Supergene Oil Palm Seedling,
CUS_TEST_0965,48,472.52,1744,0.133,10, EKOPAK Water Resistant Egg Crates(100 Pcs) - 30 Eggs Crate (no cover),
CUS_TEST_0966,248,385.26,1637,0.164,83, AMO Noilers (Commercial Dual-Purpose Day Old Chicks),
CUS_TEST_0967,278,12.65,1775,0.15,30, Day-Old AMO Pullets (ISA Brown ,
CUS_TEST_0968,356,10.66,1785,0.14,22, Foreign Turkey Poults - 30Pcs Per Carton (Full Carton ,
CUS_TEST_0969,98,195.27,1645,0.062,3, Intensive Aquaculture (Fish Farmers' Practical Guide),
CUS_TEST_0970,25,80.26,1553,0.012,82, Heteroclarias Spp Fingerlings/Post Fingerlings/Juveniles (Hybrid) -Special Maxi Brand -,
CUS_TEST_0971,284,19.01,624,0.069,75, NoduMax Legume Inoculant (100g Sachets),
CUS_TEST_0972,301,237.39,1607,0.134,48, Bully Max for Dogs (Muscle Builder Supplement ,
CUS_TEST_0973,68,472.1,1326,0.021,2, Clarias Spp Catfish Fingerlings (Standard/Ijebu Size) and Post-Fingerlings (Special Maxi Brand) - clarias-ijebu-sized-fingerlings,
CUS_TEST_0974,7,168.67,1756,0.003,76, Single Superphosphate Fertilizer (SAP,
CUS_TEST_0975,305,333.96,202,0.029,54, Sarosate (Weedkiller ,
CUS_TEST_0976,137,329.6,1002,0.143,6, Sarosate (Weedkiller ,
CUS_TEST_0977,164,133.03,1060,0.195,40, 300 Eggs Capacity Incubator (Fully Automated ,
CUS_TEST_0978,1,5,2,0.002,1, Gas Brooder with Infrared Functions (1000 and 2000 Chicks Capacity) - 1000 birds,
CUS_TEST_0979,138,114.04,1575,0.099,94, Lagon Plant Herbicide ,
CUS_TEST_0980,73,69.78,575,0.174,2, Diammonium Phosphate Fertilizer (50kg),
CUS_TEST_0981,237,353.68,577,0.148,73, Super Gro Liquid Organic Fertilizer - 1L to 5L ,
CUS_TEST_0982,46,65.59,1974,0.101,2, Maradona F² Pawpaw seedlings ,
CUS_TEST_0983,1,5,2,0.002,1, Brush Cutter (Gasoline Engine) - Chinese Model,
CUS_TEST_0984,1,5,2,0.002,1, Laywright Egg Formula (100g),
CUS_TEST_0985,262,301.13,943,0.188,74, HTC Digital Thermometer and Hygrometer (HTC 2),
CUS_TEST_0986,1,5,2,0.002,1, High Pressure Poultry Pen Fogger (Sprinkler System) - One-way fogger (with anti-drip),
CUS_TEST_0987,166,71.93,163,0.09,55, Soya Beans Seeds for Planting (1kg Packs and 50kg bags),
CUS_TEST_0988,145,23.64,314,0.135,72, AMO Broiler Chicks ,
CUS_TEST_0989,330,315.14,1179,0.067,60, AMO Noilers (Day-Old Chicks),
CUS_TEST_0990,1,5,2,0.002,1, Day-Old Pullets (Zartech),
CUS_TEST_0991,54,422.59,1492,0.127,6, Commercial Day-Old Pullets (ISA Brown) - Amo Brand,
CUS_TEST_0992,178,246.53,1902,0.006,19, Agrited Broiler ,
CUS_TEST_0993,244,390.95,715,0.144,96, ND IB Vaccine (2-in-1 ,
CUS_TEST_0994,341,339.7,1205,0.103,27, Super Gro Liquid Organic Fertilizer - 1L to 5L ,
CUS_TEST_0995,1,5,2,0.002,1, Super Gro Liquid Organic Fertilizer - 1L to 5L ,
CUS_TEST_0996,271,251.37,1591,0.127,33, NPK 20:20:20 Agrovert Fertilizer (Foliar),
CUS_TEST_0997,132,320.37,1436,0.106,40, Cattle Weighing Scale (3 tonnes Capacity ),
CUS_TEST_0998,93,404.71,1168,0.117,32, Day-Old FIDAN Broilers (Arbor Acres Plus),
CUS_TEST_0999,73,204.96,923,0.137,69, Day-Old FIDAN Broilers (Arbor Acres Plus),
CUS_TEST_1000,248,404.93,1535,0.151,17, Efia Hot Pepper Seeds (East West Seed Brand) ,
